course_id,user_id,rate
2,76,
1304,79,4
1054,84,4
1136,32,1
430,42,1
1122,34,1
62,102,1
1278,61,0
415,90,4
350,39,4
197,96,4
1224,56,4
78,37,4
579,60,3
173,102,3
1152,87,3
103,93,1
921,49,2
700,81,2
744,60,2
214,93,2
8,89,0
1264,56,0
937,101,3
624,78,1
1337,91,4
1465,101,4
224,74,3
240,93,3
1371,69,4
1220,56,4
1370,83,1
105,78,3
1227,75,3
552,66,0
1018,46,0
13,81,0
830,58,4
887,95,4
584,38,1
660,82,1
357,85,1
1222,95,1
646,54,1
728,81,1
1408,81,1
1359,92,5
626,80,5
557,69,0
747,102,5
594,44,1
383,100,1
438,76,1
748,56,4
253,88,3
1256,57,0
1462,54,3
240,89,1
151,33,1
928,52,0
880,84,0
763,67,0
154,97,5
68,66,5
1130,60,5
1519,99,5
1037,96,3
1484,67,3
556,92,3
1159,60,2
24,50,2
1310,66,5
565,102,5
227,37,5
1477,92,5
1132,81,2
556,55,2
1243,65,2
639,72,2
181,69,3
1471,42,4
1304,93,4
969,85,4
666,85,1
574,100,3
36,102,1
1102,72,1
1049,81,1
936,55,1
200,43,0
618,71,5
122,55,5
275,53,5
1144,85,5
129,69,5
13,84,5
1203,72,0
227,60,1
1507,78,1
27,35,4
619,86,0
138,63,0
1075,82,1
960,93,1
1440,58,1
1112,85,1
544,92,1
1500,92,1
389,63,1
1359,51,1
469,84,1
899,60,1
1328,33,1
752,59,5
285,42,4
1040,86,5
1248,72,3
1167,46,1
724,70,1
1105,98,2
1101,81,2
1101,45,2
1457,97,2
447,85,3
1065,82,4
1453,53,0
929,71,0
75,100,3
358,91,3
73,78,2
405,88,2
520,77,1
1306,33,1
1396,58,1
1412,70,5
68,52,5
872,94,5
1241,55,5
1313,52,3
1430,85,3
332,101,5
1495,72,4
1205,42,3
1175,73,3
1449,33,1
1259,84,1
820,101,4
204,56,0
428,84,0
273,95,4
933,38,4
950,69,2
710,79,4
184,55,4
1348,67,4
1384,84,4
555,46,0
1516,41,0
1390,88,0
99,88,2
1507,36,2
141,100,2
21,80,0
515,81,5
141,42,5
1374,70,5
833,102,5
436,97,1
1313,77,5
36,32,0
1418,60,0
914,52,1
763,50,5
953,101,1
453,37,5
700,50,2
1463,88,4
4,57,0
787,38,0
350,70,1
777,76,1
554,89,5
844,36,2
1417,75,5
281,87,5
472,48,0
750,98,3
957,63,0
510,72,0
893,39,4
788,48,4
1049,45,4
220,74,4
1278,88,4
872,40,2
1500,52,4
616,34,5
1269,65,5
939,86,5
531,97,5
1248,99,5
961,73,5
414,56,5
1457,102,5
659,59,0
121,73,0
832,73,2
1492,32,5
307,39,5
1130,73,4
787,80,4
415,96,4
507,79,4
621,83,4
1191,77,0
1323,92,0
2,83,5
777,34,5
87,86,2
83,69,4
125,70,4
850,52,4
769,78,3
1492,55,3
105,100,4
830,102,1
878,65,1
950,39,1
629,38,1
240,84,1
920,90,1
352,37,3
32,32,3
737,38,1
257,100,2
570,44,3
1483,37,3
230,90,3
1346,54,3
504,58,3
606,98,4
1345,90,4
1444,78,1
1519,70,1
896,70,0
1157,65,0
298,69,0
869,58,3
1100,70,3
574,34,0
455,94,5
844,42,3
1007,68,3
865,38,5
245,52,5
464,92,2
133,54,2
438,69,2
728,37,5
1459,57,0
963,96,0
8,98,0
1370,68,0
1491,86,0
1068,77,1
1317,72,1
230,86,1
173,91,1
688,43,1
1202,69,3
1023,86,3
510,36,4
648,96,4
119,96,4
473,61,3
806,44,3
142,81,0
1243,88,0
1484,44,1
1319,34,1
656,54,2
1474,91,2
1011,89,1
1336,54,1
57,64,4
892,47,4
102,76,4
1148,56,4
30,66,4
851,76,0
19,92,0
869,77,4
289,98,4
504,97,4
1212,42,0
1081,54,0
133,52,1
426,48,1
1361,86,1
880,55,0
456,35,0
533,74,4
450,59,4
421,76,3
1266,54,0
845,40,0
1323,49,0
1338,57,0
1104,38,0
180,67,5
838,44,0
1386,56,0
1465,73,1
148,75,4
875,58,4
1018,98,4
1010,94,4
241,73,4
1187,76,4
933,56,4
1111,67,4
554,52,1
603,67,1
670,51,1
241,66,5
1148,50,2
436,70,2
548,48,2
248,82,1
320,76,1
462,35,0
736,102,0
1440,33,0
1100,55,0
1336,83,3
32,89,3
939,75,3
437,48,3
1139,82,3
873,65,4
1288,45,3
404,81,5
1369,59,5
573,86,5
1191,80,5
119,80,3
69,93,3
736,83,1
930,99,4
1407,36,5
1259,58,4
404,87,0
1274,100,4
1429,58,4
239,32,1
933,33,5
267,54,5
827,56,5
875,102,5
797,58,5
59,56,5
192,48,5
930,78,5
936,102,3
1275,79,3
913,54,3
932,46,1
1509,79,5
1495,86,4
584,41,4
762,65,4
921,77,0
997,45,1
126,50,5
1371,61,5
11,59,4
714,84,5
58,62,5
102,36,5
467,102,5
1401,50,5
449,88,1
103,98,0
564,58,0
641,92,4
1465,36,4
285,66,4
656,46,3
1435,40,3
216,95,3
200,97,3
1417,50,3
866,43,1
173,79,1
828,68,1
462,94,3
728,85,2
997,63,2
991,52,3
827,101,3
499,54,3
1106,43,0
735,66,0
101,81,0
952,48,0
1496,96,1
1459,82,1
533,42,1
555,100,1
1282,49,1
744,53,4
901,38,4
1465,84,1
1518,70,4
442,52,4
1329,77,4
1020,82,4
1399,46,3
30,64,5
1283,84,5
1087,65,5
1001,53,4
1178,34,4
1205,54,4
892,40,2
574,51,2
283,45,2
292,53,2
325,75,1
923,62,1
698,63,5
264,80,2
1323,46,2
236,99,2
982,77,4
635,74,1
752,98,1
1027,80,3
663,49,3
1444,97,5
1148,77,5
1241,77,1
638,90,4
1334,88,4
1447,96,0
1499,50,4
1164,38,2
828,90,2
761,67,2
104,83,0
887,32,2
283,33,1
559,101,4
1107,88,1
1072,37,1
1484,45,3
1328,71,1
918,83,1
500,79,3
1172,90,3
1027,45,3
426,52,3
629,86,3
1138,62,3
531,78,0
1068,59,0
263,92,0
820,75,1
1163,84,1
352,75,1
307,102,1
134,67,1
1162,63,1
1039,70,5
1404,96,5
163,63,5
103,59,5
642,48,5
685,92,1
67,96,1
523,91,1
41,78,1
799,63,1
1033,73,0
1471,72,0
1218,78,0
352,71,0
565,84,0
701,98,0
1184,74,1
1376,88,1
1510,100,1
466,51,5
627,100,2
1282,57,4
1074,82,2
1359,36,2
1507,56,3
648,42,3
510,58,3
1499,66,3
1521,91,3
737,95,3
385,77,1
546,66,1
415,69,1
750,43,1
984,86,1
1176,96,1
932,58,3
424,102,0
1468,71,5
990,94,2
318,53,5
58,38,5
869,40,2
1001,77,0
1425,50,2
1425,77,4
1440,94,2
666,36,2
843,40,2
1257,44,4
597,79,2
424,64,0
1267,74,3
1334,79,1
1257,94,1
557,94,5
201,95,5
437,45,3
1521,52,3
17,52,3
1417,42,3
1379,34,3
621,81,3
664,63,3
1448,42,3
566,71,0
1152,102,3
1292,98,1
1508,74,1
674,35,1
281,60,1
922,53,1
107,68,1
814,90,5
194,34,1
849,99,1
1500,101,1
1346,84,3
275,62,4
535,58,4
453,53,2
519,50,2
307,55,1
64,47,5
151,54,5
161,94,4
565,73,4
1162,86,4
964,99,4
336,92,2
341,80,2
1351,64,2
1433,61,2
980,63,2
435,63,1
1212,70,1
536,46,3
16,77,3
11,102,3
112,59,3
1107,35,5
409,75,5
1172,94,4
345,37,4
111,80,4
222,45,4
1157,82,2
795,93,1
64,57,1
861,87,4
1346,82,4
1152,33,4
180,70,4
99,87,4
877,94,3
213,65,0
290,96,0
107,47,1
295,75,1
914,42,1
369,75,3
621,67,3
714,52,3
1157,66,4
141,80,4
1081,60,1
594,67,1
551,49,5
125,80,4
936,36,1
695,62,0
1352,54,3
623,70,3
709,100,5
544,65,5
1073,81,1
507,85,1
19,84,1
820,69,1
723,99,0
241,85,3
536,38,5
769,50,2
570,97,2
927,75,3
73,33,2
41,43,2
153,59,2
168,92,5
896,78,2
978,67,0
1298,89,0
19,34,0
1067,56,2
1203,44,2
876,98,5
777,95,5
754,34,5
714,64,1
896,80,1
1276,51,4
1091,79,3
1078,34,5
1111,80,1
1149,83,1
999,67,1
570,60,2
29,63,2
698,58,2
991,55,2
65,89,3
1221,60,3
236,90,3
1037,56,1
1010,99,1
579,61,1
687,38,4
1140,88,4
1007,37,4
236,79,4
153,69,4
574,75,4
1146,65,3
300,54,3
890,96,3
551,77,0
445,32,0
791,33,3
113,39,3
1339,50,2
752,93,2
190,77,3
1393,77,3
1306,50,3
380,92,4
1037,76,2
125,83,2
833,81,3
148,64,4
873,73,0
97,34,0
341,57,2
1467,102,2
248,86,2
1101,44,2
864,63,2
791,76,4
546,89,3
14,35,3
179,96,3
187,88,3
119,57,5
1069,80,5
441,101,0
1384,39,0
67,67,0
1509,78,0
1245,73,4
232,54,0
134,55,2
919,101,3
687,86,1
1339,73,1
762,50,0
865,101,0
1176,58,4
522,32,3
475,91,4
638,94,4
17,64,3
1245,89,3
576,45,1
690,74,1
1158,57,4
546,79,4
1272,58,4
1207,85,4
1452,88,4
54,83,0
751,51,0
206,33,0
531,49,0
1412,53,0
586,93,0
1297,37,5
1190,61,5
1453,77,5
980,61,4
1274,38,4
301,45,0
895,96,1
952,83,1
895,44,1
1258,48,4
713,62,1
442,47,3
1417,43,3
59,68,3
720,77,3
533,33,0
1049,39,0
1496,64,5
1222,59,5
67,49,0
1184,58,0
142,34,0
1513,91,0
327,86,3
764,56,3
612,71,2
1463,36,2
1496,60,2
404,39,5
948,72,4
1104,56,4
799,93,3
1258,83,1
343,83,1
989,55,1
180,59,1
383,59,5
1288,55,3
683,40,3
974,52,3
489,36,3
650,93,3
113,51,3
283,86,2
590,57,2
1272,61,4
27,49,4
409,91,4
126,85,3
382,61,3
1054,81,3
443,75,3
1018,86,5
1446,98,5
232,96,4
1073,82,4
586,62,4
667,86,4
760,97,4
348,62,2
754,54,2
374,42,0
483,83,0
304,99,4
906,46,4
230,36,1
1395,49,1
953,56,1
1500,51,1
35,87,1
1130,50,1
224,93,5
1449,81,5
1086,37,1
532,64,1
1044,46,4
1369,84,2
1152,52,2
827,94,5
428,38,5
1100,69,5
136,48,5
1420,99,1
1399,78,3
931,44,0
1477,74,2
1134,85,2
133,74,5
885,80,4
152,73,4
202,37,0
1381,65,0
1449,98,1
327,49,2
388,98,3
144,81,5
1028,32,2
872,79,2
204,84,2
1039,94,5
1372,72,4
777,86,0
737,34,0
763,82,2
893,37,2
167,61,2
41,89,2
1359,43,2
1376,81,2
29,69,2
1226,35,2
1230,68,0
650,46,2
125,39,2
336,46,3
382,41,4
24,39,2
176,33,2
152,77,5
1288,60,2
1313,67,2
752,101,2
290,61,2
940,85,5
815,88,5
555,41,2
1288,94,5
426,83,0
113,76,0
453,44,0
421,34,3
536,56,5
991,87,5
1478,102,5
1449,102,3
1122,54,3
287,42,3
645,73,2
878,77,2
421,91,4
1459,49,4
607,66,4
1104,93,4
1430,94,1
576,84,5
452,35,1
382,56,1
1334,58,1
1334,47,4
522,37,1
192,41,1
1036,71,1
654,66,1
660,77,0
1120,95,0
1267,40,0
230,68,0
456,96,0
337,32,0
850,82,3
68,93,3
629,96,5
452,41,5
289,87,5
865,69,2
797,100,2
911,76,2
1194,58,1
1124,81,1
800,96,2
388,78,2
940,32,2
742,44,2
161,90,2
1432,35,2
735,59,3
315,47,3
345,38,4
874,50,4
198,44,4
695,66,5
489,47,5
138,81,5
216,49,5
1160,48,5
342,50,4
1352,44,4
455,59,4
311,78,4
1067,59,4
966,54,4
719,94,1
735,92,1
184,102,1
473,65,1
430,77,1
273,93,3
35,49,5
802,39,5
670,62,5
1044,61,5
950,91,4
733,47,4
943,94,4
627,80,0
1068,91,0
1074,59,3
1235,48,3
206,77,5
176,67,3
982,39,3
251,63,2
300,98,2
358,51,2
1427,54,1
1099,51,1
171,35,0
966,81,0
736,85,2
1509,74,2
1131,59,2
736,46,4
964,60,4
1396,101,4
1518,41,4
1012,70,4
1405,34,4
1084,43,4
439,50,0
285,81,0
841,52,0
1075,90,1
125,78,1
255,68,1
1137,95,1
1517,88,1
722,69,1
1396,43,1
93,43,2
1516,86,2
335,45,3
913,39,4
1102,58,1
1298,62,1
455,97,3
956,69,3
222,56,3
137,54,1
315,69,2
665,92,1
984,46,5
102,54,5
35,81,5
974,79,5
220,37,4
317,59,4
664,32,5
1067,74,5
724,67,3
1521,37,5
169,63,0
213,94,0
1329,46,0
1468,35,0
1282,42,0
1436,96,0
1018,72,0
32,56,0
700,56,0
389,87,5
1314,47,5
4,98,5
522,96,5
873,84,5
507,51,4
1317,40,0
795,55,1
106,95,1
366,68,1
462,73,5
510,45,2
792,87,2
407,63,2
639,55,0
1496,85,0
15,51,2
16,82,2
830,70,2
1511,58,2
1425,85,2
648,98,0
919,100,0
167,100,3
744,90,3
552,57,3
281,76,3
54,40,3
442,36,1
830,63,0
1516,85,0
1133,33,5
733,62,5
720,86,5
78,89,5
724,62,5
570,59,5
1073,46,5
241,65,5
648,77,5
1283,51,5
275,100,0
1359,62,0
1417,55,0
1202,84,0
1507,42,1
289,76,1
443,68,1
325,67,5
483,39,3
111,34,3
1336,47,3
876,53,3
244,77,3
855,38,3
1023,95,3
576,36,3
1312,94,3
855,94,2
1314,76,2
19,79,2
552,36,2
157,68,5
163,44,4
1415,87,4
520,82,3
1337,57,5
1088,61,5
588,51,1
17,59,1
1091,93,1
168,38,3
629,32,5
1519,47,5
604,68,2
1429,65,3
1075,70,3
1120,49,3
1138,97,3
966,35,3
1396,49,3
578,57,3
990,60,0
1517,71,3
1516,52,1
1011,63,1
1272,99,1
875,63,1
1509,64,1
1495,90,5
576,66,3
368,98,3
595,80,3
37,62,3
27,67,5
1288,46,5
54,32,5
709,67,5
940,84,5
197,75,5
356,75,1
81,55,0
455,40,0
690,80,5
1027,78,5
445,82,5
425,66,5
1102,69,5
1448,52,5
975,68,5
953,42,3
1018,76,3
1074,70,5
154,49,5
142,61,5
68,36,5
674,34,5
1248,49,5
716,32,5
1462,73,2
285,68,1
679,73,3
828,75,1
1459,91,1
1351,95,5
103,43,2
754,35,4
1474,52,4
754,91,2
500,77,2
827,62,2
1362,55,5
864,34,5
1477,90,3
1461,62,0
1297,57,0
1221,79,0
460,59,0
1269,74,1
163,50,1
677,39,1
2,67,5
1374,75,2
368,51,2
761,60,2
187,46,2
806,92,2
943,59,2
147,84,2
519,37,4
895,59,4
342,86,4
1074,91,4
83,67,3
1372,91,3
1001,38,3
1317,102,4
100,44,4
345,82,4
1245,51,1
54,57,1
999,82,1
557,99,1
185,42,2
154,83,2
382,37,0
930,80,0
911,99,3
864,52,3
283,35,3
1372,50,5
1379,74,2
426,93,4
1304,77,0
1212,99,2
1329,65,2
1158,96,2
889,44,2
1031,99,2
14,77,0
394,46,0
802,96,0
414,97,2
585,45,2
355,76,2
1399,47,1
1382,96,2
1374,66,0
455,48,2
1323,71,5
556,73,0
521,65,0
1221,67,0
406,64,0
150,39,4
342,42,1
462,59,1
1220,62,4
321,55,4
608,96,4
315,52,4
505,60,5
451,64,0
995,69,0
1468,99,1
1137,36,1
273,81,1
573,40,1
1457,36,4
1260,93,4
642,70,1
294,33,1
1080,61,1
1128,32,1
1449,65,1
204,40,1
351,100,1
618,82,1
519,77,1
1010,95,1
937,42,1
1361,91,4
1087,39,4
931,89,1
1069,48,1
163,57,1
1018,52,0
624,50,0
147,66,0
455,90,0
14,37,2
366,51,0
656,72,0
325,102,0
948,62,0
1102,40,0
943,45,0
621,65,0
119,58,0
409,38,0
686,81,0
1241,50,4
409,45,4
754,83,4
504,41,3
1346,50,3
687,79,3
212,37,3
435,86,1
906,48,2
415,79,2
943,69,2
663,92,3
922,94,5
531,65,5
960,91,5
586,35,2
496,67,2
358,32,2
1401,85,4
1476,88,4
442,76,5
1491,69,1
1416,40,4
180,77,2
925,94,2
1274,99,0
578,34,0
1363,58,1
1243,45,5
1379,100,5
47,51,0
1352,65,0
129,49,1
62,72,3
1424,52,3
1363,37,3
997,96,1
300,36,1
374,99,1
638,96,4
138,42,2
405,62,2
190,72,2
171,73,4
1436,76,3
204,89,3
654,101,3
1155,73,5
1521,80,5
1227,44,4
490,39,0
557,96,4
345,87,4
469,50,0
559,102,3
956,87,3
1412,82,3
635,35,3
507,73,2
713,32,2
896,55,2
1093,96,2
608,73,2
1499,39,3
1430,44,0
1278,69,0
102,59,4
1484,77,4
1012,91,4
667,83,0
1456,62,0
1114,42,0
350,60,1
113,89,1
896,51,0
1115,91,0
975,102,0
343,52,0
1007,35,3
1088,66,1
670,78,4
548,65,1
16,61,5
809,39,2
648,41,5
635,65,5
17,46,0
1249,65,1
1275,76,5
849,43,5
728,96,5
15,72,5
1100,52,5
1462,66,5
913,40,4
1067,95,4
1291,49,0
360,53,0
184,97,0
190,46,0
728,91,0
1346,59,4
133,43,4
1471,98,4
980,83,4
937,87,2
355,77,2
244,84,3
1368,91,0
197,36,0
385,80,0
751,61,1
1120,68,1
1431,58,4
482,98,4
802,94,4
81,61,0
1072,86,0
343,97,0
709,45,0
78,46,1
896,49,1
1440,84,1
309,44,1
1457,47,1
1298,88,1
950,85,1
1399,32,1
173,88,1
453,92,5
957,40,0
1078,77,0
150,83,0
91,81,1
698,50,1
144,73,1
1054,46,1
232,67,3
1067,91,5
198,64,5
216,100,5
1184,81,5
1495,93,3
50,85,3
663,51,3
358,85,0
585,98,0
156,73,0
762,53,4
548,51,4
686,45,5
966,91,5
997,34,5
341,86,1
1245,79,1
64,35,3
1103,42,3
1417,47,3
287,78,2
1408,39,4
1337,83,2
293,95,3
289,48,3
15,61,0
202,96,0
1333,53,1
185,60,2
230,59,4
927,84,3
475,39,3
641,58,2
7,95,2
1123,66,2
754,47,1
559,94,1
1248,52,1
1479,95,1
1226,38,1
885,62,1
250,56,1
1415,61,3
1123,74,3
688,84,3
1370,45,2
980,47,2
754,56,2
309,80,1
969,86,3
1499,32,1
81,100,1
1234,41,1
1092,97,1
1122,50,1
1140,48,0
1410,46,0
795,60,0
1243,74,2
1146,92,2
443,44,2
111,69,2
1054,32,2
138,98,2
1202,46,2
54,95,2
578,81,2
948,79,2
619,60,5
1379,76,5
16,65,3
670,100,3
664,69,5
914,53,2
696,81,1
527,74,0
618,42,3
679,67,2
150,98,2
112,93,2
1267,87,2
232,45,0
1136,84,0
1267,58,0
921,35,3
742,69,0
1164,88,1
969,45,1
245,85,1
1224,90,0
579,98,3
1018,33,4
1359,95,4
142,68,4
1081,46,5
1134,87,1
1363,93,1
984,92,1
54,97,1
984,80,1
1009,40,5
1248,86,5
1425,44,0
1100,34,2
489,75,2
578,65,2
1256,33,4
664,90,4
1072,35,2
710,43,2
522,78,2
366,67,2
1187,83,0
585,90,3
65,73,3
585,75,3
1376,80,4
198,41,3
1488,87,3
1275,71,4
351,70,3
933,72,3
176,79,3
544,64,5
1311,54,3
795,51,3
311,94,3
999,92,3
974,92,3
1457,62,3
318,48,3
15,89,3
952,36,3
251,42,3
133,70,3
809,90,5
578,72,5
999,85,5
121,78,5
1453,74,5
670,74,2
1168,38,2
664,83,0
250,36,4
504,88,2
245,73,2
769,39,2
1182,51,2
990,101,2
1361,57,3
16,41,3
1347,78,4
1244,58,4
1118,93,4
660,48,4
1306,53,0
787,48,0
932,88,3
1178,37,3
147,99,5
1156,41,5
1176,93,3
1475,74,3
1126,90,3
737,93,3
1239,98,3
119,70,3
179,38,1
1234,62,1
777,33,1
1368,42,1
1146,44,1
439,92,1
73,80,1
566,67,2
49,49,2
1282,85,2
294,39,2
176,46,2
604,56,2
1126,47,5
957,62,2
220,57,2
1258,59,3
892,80,4
966,59,4
1127,42,4
1103,55,3
462,78,3
700,93,3
896,57,3
1294,87,3
239,82,3
104,32,1
1306,32,2
841,68,0
630,32,0
564,45,0
828,87,0
950,64,3
784,46,3
1126,80,0
1379,77,0
766,85,0
736,65,0
939,51,0
1513,85,2
84,72,5
535,83,4
1475,73,4
1027,56,1
1212,85,1
645,38,1
991,32,1
1363,51,1
696,95,1
614,98,1
823,33,0
1190,83,5
507,88,3
1239,46,0
1256,55,1
889,45,1
578,41,3
1464,32,3
1468,42,1
584,68,1
425,44,1
603,61,1
1276,55,1
222,95,1
7,47,2
54,71,1
19,100,1
335,84,1
1479,77,4
566,58,4
272,47,4
650,68,1
213,73,1
674,73,1
350,61,3
273,35,4
1009,97,0
87,43,0
500,87,2
532,38,2
641,50,2
892,53,2
1416,35,2
1404,102,1
536,77,1
1148,33,4
1055,68,4
1282,93,0
629,51,0
1181,53,0
714,40,5
456,78,5
1149,35,5
122,47,5
1465,96,2
475,80,2
695,69,1
1131,70,1
1123,88,5
1363,89,5
723,58,2
1509,56,4
995,66,4
275,72,4
1031,96,4
1476,65,4
929,50,4
1221,54,4
1222,60,4
999,69,4
1264,55,4
8,36,4
913,49,4
539,57,4
1408,48,4
704,97,4
953,50,2
646,73,2
1427,97,0
1440,89,0
1164,59,5
1435,96,5
737,63,3
1272,49,3
1018,96,3
1226,84,3
1475,101,2
642,94,2
642,84,2
105,51,2
819,99,3
290,78,0
232,35,1
409,53,3
1491,34,3
144,56,3
1483,60,3
648,89,3
1194,36,5
264,65,2
407,69,2
535,67,2
1107,57,4
1023,99,4
341,75,4
1444,84,0
1105,81,0
1156,86,0
1132,52,0
1338,43,2
499,88,2
911,71,3
62,65,3
453,77,1
1401,37,1
332,70,1
1467,86,1
325,66,5
1124,48,1
1115,70,5
16,68,5
240,88,5
1407,81,5
566,89,3
37,53,3
308,77,3
1091,72,3
1368,36,2
202,90,5
1281,91,5
21,99,5
927,41,0
1444,39,0
1484,63,5
1346,68,5
1517,92,5
767,55,1
922,70,3
264,66,4
874,89,4
1267,38,4
1395,53,2
1359,54,2
914,65,3
37,48,3
683,51,3
30,96,3
1251,76,3
187,81,0
308,34,0
818,74,0
281,77,0
1266,35,4
714,51,4
1160,72,4
950,84,0
716,86,3
409,40,3
388,60,3
406,90,2
604,47,2
761,36,0
777,35,1
236,100,5
1049,94,5
1346,81,4
332,40,3
1059,75,3
929,43,3
154,46,3
1462,69,3
866,37,0
654,99,0
585,67,2
1483,50,2
456,82,2
1154,69,4
889,37,4
765,72,5
929,84,5
1378,101,2
360,57,2
799,83,4
243,42,4
878,39,4
1039,73,4
137,34,5
460,100,4
1072,43,4
787,73,0
304,88,0
636,102,5
462,56,5
1275,96,0
102,56,2
1361,68,2
626,45,5
677,97,5
1314,79,5
1031,92,4
1144,63,5
2,93,4
604,85,2
564,69,0
472,79,0
331,34,0
1338,49,2
1210,51,0
1382,87,3
1291,64,3
621,54,5
536,96,5
1087,75,5
240,98,5
500,74,5
1429,71,0
765,47,0
803,87,0
799,38,5
192,77,5
713,95,0
895,95,0
308,48,4
213,83,4
1167,81,4
936,48,4
920,99,3
953,95,3
993,53,4
536,85,2
1190,64,2
564,101,2
939,73,2
178,34,2
232,76,1
68,53,1
1028,37,3
1257,96,2
263,80,2
1069,34,1
532,37,1
301,48,1
960,57,1
1484,94,2
1446,69,2
882,99,4
47,43,5
1074,74,4
1269,60,4
134,33,4
687,80,1
483,59,1
1007,51,3
767,83,3
368,41,3
956,94,4
751,102,4
621,89,5
844,96,0
1132,61,5
607,44,5
394,76,5
500,99,0
1037,87,1
752,70,1
374,75,5
156,82,5
777,46,0
290,63,5
953,65,3
1517,84,5
1404,68,5
933,85,5
1390,83,2
1068,64,3
818,32,3
504,83,3
428,96,3
696,43,5
1182,64,1
993,95,1
143,56,0
817,79,0
960,47,0
374,101,1
245,66,1
73,51,1
287,97,4
899,37,1
505,43,1
469,72,4
937,88,4
496,66,5
154,88,3
656,88,3
69,75,3
335,99,3
874,90,3
355,67,3
243,55,3
641,70,3
1410,43,2
559,52,2
374,41,4
113,45,5
1181,92,0
1384,50,0
285,45,0
737,65,0
583,94,1
414,87,1
570,88,1
1100,86,1
1055,101,0
1121,60,0
137,68,2
1124,91,2
1210,36,2
1386,84,2
751,62,2
1396,93,2
1478,95,2
969,58,4
409,54,4
832,35,3
731,66,1
1163,57,5
1329,81,5
1424,100,0
505,33,4
700,80,1
293,46,1
670,69,1
751,59,0
180,75,0
1509,98,0
1430,64,0
1482,61,0
709,37,0
564,91,3
1412,67,5
1376,87,5
597,51,0
1128,74,0
762,81,2
797,89,2
1248,69,2
320,75,2
1249,79,2
1104,37,2
202,92,2
1084,70,2
1157,94,3
430,101,3
1346,34,3
320,62,3
1348,74,4
1081,45,4
1390,36,2
320,40,2
629,91,3
1082,76,3
1206,85,5
1165,40,3
597,74,2
453,98,0
1227,96,2
948,94,3
1243,96,1
877,54,1
438,42,3
1338,89,4
989,98,4
493,61,1
472,72,1
1099,48,5
199,101,5
1227,87,5
150,90,3
19,53,3
646,89,4
309,69,1
748,40,3
236,73,2
1221,95,2
283,70,2
1120,35,0
635,79,0
152,49,0
1120,38,0
939,60,5
925,98,5
141,68,5
275,76,0
1464,73,1
119,38,1
32,81,1
1142,99,1
920,89,1
1345,48,3
1430,76,3
184,81,3
916,81,2
325,48,2
834,54,2
896,77,5
920,74,0
1123,64,1
289,61,3
355,37,5
307,33,5
257,38,5
956,34,3
151,84,3
32,90,1
833,84,5
887,101,4
618,64,4
1448,99,1
1093,48,3
1029,85,5
991,69,5
744,65,2
154,33,2
275,87,3
435,89,3
462,83,2
1244,32,2
409,70,2
337,75,1
207,39,4
1281,96,4
298,38,4
298,58,4
754,71,1
1496,33,2
604,87,2
838,76,2
1044,57,2
54,39,5
293,44,1
426,86,3
21,102,3
1269,61,3
777,102,0
1292,65,5
788,69,1
629,39,4
294,52,4
818,82,5
939,65,1
167,68,1
754,59,1
1467,57,1
974,67,4
1181,44,4
728,97,1
582,79,1
710,99,1
1461,98,0
911,38,5
696,89,5
1182,58,5
293,77,3
123,55,3
473,38,3
1415,71,2
321,93,2
1396,95,2
597,86,5
295,80,2
1036,98,2
244,66,2
1075,56,2
125,58,2
744,80,2
15,85,4
332,99,5
1368,59,5
953,92,5
1404,79,5
451,92,3
961,76,4
1067,85,4
1427,61,4
69,60,4
1492,39,5
833,43,3
1452,98,1
1167,102,1
1288,86,1
1259,46,1
152,61,2
1234,75,2
1234,42,2
17,99,2
1053,49,2
1338,50,2
169,82,2
612,40,1
753,63,4
784,86,4
999,52,4
451,66,4
64,49,4
59,76,3
150,101,3
1107,54,5
679,71,5
1148,69,5
1190,100,0
176,55,0
240,48,0
765,50,1
1446,102,2
317,43,1
608,88,1
882,63,1
570,91,1
69,40,1
863,73,1
311,84,5
106,78,5
1012,55,1
311,74,3
1521,94,3
13,48,3
1449,51,2
795,63,4
1251,102,5
1264,44,5
13,72,5
505,68,5
656,35,5
14,48,5
493,75,3
1156,91,0
1508,101,4
1417,93,4
173,59,5
1086,69,5
566,77,2
489,65,2
923,33,2
1227,81,5
69,100,5
969,69,5
24,33,5
1027,98,5
1460,94,5
156,52,1
921,87,4
239,55,4
744,46,4
380,78,4
1483,96,4
584,73,4
1347,38,3
453,94,3
173,74,3
193,81,0
1369,61,0
1482,59,0
515,99,5
882,46,5
1243,53,5
1176,34,5
1395,70,1
358,84,1
1120,57,1
1172,67,1
921,53,1
357,101,1
940,81,0
1488,50,0
823,90,1
1081,82,1
1107,100,1
307,59,1
1131,87,3
17,82,3
341,56,5
1036,60,1
966,101,1
332,88,1
1091,61,3
250,97,3
510,73,3
374,93,3
1259,35,3
1004,71,3
764,65,1
167,87,4
735,67,2
1410,68,3
933,61,3
193,90,5
36,57,3
1212,68,3
558,81,3
850,56,3
627,92,2
1099,60,2
939,80,2
213,78,1
916,97,1
1430,87,1
1221,51,1
1034,55,0
1,41,2
424,60,1
666,51,4
199,63,4
1435,34,0
1075,97,0
1444,76,0
102,79,0
1249,38,0
544,33,4
656,38,5
688,94,5
421,65,5
1093,46,5
660,84,5
283,102,5
30,83,0
1369,48,2
19,36,2
1172,38,2
292,84,2
974,89,1
767,63,1
425,86,1
277,87,1
93,61,0
961,95,0
178,50,0
1260,40,0
507,96,0
295,67,1
341,73,1
1099,39,0
877,41,2
754,93,2
927,44,3
301,102,3
1153,48,0
901,45,0
65,56,3
890,78,0
1359,52,2
112,33,4
449,34,0
30,57,2
892,33,2
1234,96,0
150,37,0
1168,96,0
192,84,0
430,46,0
1376,100,0
65,81,0
532,72,0
1360,62,0
1113,83,0
889,100,0
436,102,0
742,99,5
355,52,4
1455,58,4
650,58,4
999,35,1
866,58,1
619,61,1
467,68,1
1334,44,4
406,91,5
695,89,5
519,92,5
920,76,5
154,73,2
1114,55,2
1165,81,4
1274,39,4
582,53,0
212,95,0
1245,84,2
1294,61,5
1127,60,2
283,81,4
1425,86,4
115,35,1
1424,38,1
932,99,1
13,41,1
1345,81,1
664,50,1
619,95,1
594,61,2
1126,78,3
710,39,3
515,84,1
178,87,4
1111,33,1
999,44,1
133,99,1
1477,45,1
728,75,5
180,40,5
659,85,2
57,46,2
1093,82,2
341,81,1
1335,37,2
659,97,4
181,82,3
366,35,5
742,93,5
984,36,1
1352,84,1
552,70,1
624,82,1
428,80,3
1078,61,5
539,33,1
318,101,3
851,56,0
1057,71,5
570,38,1
1338,84,2
426,89,2
586,98,2
1495,54,2
1018,42,2
612,97,2
762,32,5
355,55,5
1122,51,5
552,101,5
588,102,5
742,41,5
1156,74,4
8,92,0
1424,72,0
19,60,4
1118,47,4
267,42,3
335,55,3
1258,97,3
49,38,3
1348,38,3
948,74,4
654,79,4
728,100,1
304,92,1
914,90,1
425,56,2
1111,57,2
1500,73,2
212,35,2
49,76,3
1130,39,3
179,101,0
761,35,3
1479,89,3
1440,32,3
1488,53,1
588,92,2
181,83,2
995,39,2
1274,58,5
414,72,1
113,80,5
635,72,5
176,65,5
982,38,5
585,40,5
1182,75,1
695,52,1
11,74,5
264,73,2
154,99,2
539,97,1
289,77,1
1167,42,1
84,48,0
161,88,0
1176,65,4
899,86,4
646,102,4
604,73,3
355,53,3
1118,34,0
1420,60,0
1239,67,1
351,71,5
991,34,5
1075,93,2
1347,93,5
1360,74,1
1508,94,0
1339,38,1
522,91,1
1140,84,1
97,71,5
874,69,5
1106,92,3
1159,89,5
608,67,3
442,98,2
290,85,2
380,34,2
267,100,2
35,47,2
1457,40,3
777,78,2
999,68,2
1418,54,2
698,77,2
1520,50,2
168,51,3
1224,61,3
993,93,1
802,55,2
809,38,2
941,67,2
664,39,2
1457,79,3
1227,93,3
788,80,3
248,42,3
37,58,3
123,83,0
1361,63,0
439,99,1
320,67,2
443,64,4
531,82,2
532,80,4
1243,102,5
1260,101,2
538,68,5
168,56,1
1065,42,1
147,100,1
1127,74,5
1162,45,0
1474,81,0
105,97,0
1521,92,1
218,72,5
100,43,5
161,86,5
1281,90,5
1455,101,5
360,60,5
69,79,2
1382,88,2
129,84,0
1235,77,0
156,96,3
1134,46,3
304,76,4
148,60,3
1055,84,3
583,57,3
383,40,3
1278,81,1
968,68,2
674,59,5
193,55,5
579,88,5
791,59,1
1314,39,1
1460,41,3
1298,65,3
1142,93,3
1222,102,0
1376,37,0
313,33,0
432,50,4
936,49,3
1203,50,3
7,51,5
294,85,4
443,32,4
1372,47,4
320,56,4
695,80,5
1220,89,5
1039,68,5
868,91,2
690,86,2
1298,37,2
932,42,2
869,36,0
335,39,0
289,78,0
974,86,5
1474,100,5
650,75,5
1363,98,0
197,89,0
875,46,1
646,64,3
163,58,4
1351,49,4
91,38,4
290,52,1
104,58,1
1007,45,1
1461,97,1
427,64,1
792,59,1
50,87,1
1267,61,1
341,83,1
23,46,1
650,85,1
916,101,1
833,34,1
937,89,1
833,97,0
57,98,2
1459,45,2
153,41,2
849,69,2
77,47,5
1122,91,5
1317,100,5
1075,80,1
728,49,3
253,74,3
318,80,3
147,76,3
1347,64,1
138,79,5
332,81,2
1136,65,2
267,79,0
1168,98,1
861,64,1
787,36,1
851,55,1
24,45,5
1435,94,5
157,39,5
1453,44,4
748,63,4
1427,87,4
570,58,3
520,67,4
763,37,3
1492,50,3
1113,33,2
1088,80,0
919,63,2
1168,43,2
1057,50,2
1158,36,2
1137,64,2
1368,60,5
7,54,0
24,41,0
133,33,0
1011,66,0
659,100,2
795,43,2
1467,41,2
927,59,2
486,55,5
1272,101,5
97,75,5
1091,50,1
251,58,1
1140,97,5
1187,37,5
239,42,1
1292,46,0
1376,47,0
1346,90,5
307,49,5
838,84,5
1159,85,4
184,92,1
890,66,3
1457,69,3
243,71,3
1291,91,3
1078,92,3
1207,33,4
864,91,4
123,69,4
199,68,4
1249,70,2
436,48,2
1069,90,2
1260,50,3
257,54,3
197,44,4
937,74,4
1339,32,2
950,61,2
100,90,2
1410,84,2
1131,95,1
855,69,5
1521,73,0
713,82,5
1073,45,1
722,94,1
889,69,3
1333,34,3
1362,54,3
167,73,5
464,41,3
2,88,3
1106,63,2
1191,70,2
163,33,1
336,82,1
1415,62,1
496,96,5
1496,55,3
556,49,3
1483,99,2
764,67,2
504,87,4
1369,74,4
24,34,4
811,59,3
161,82,3
1162,84,3
621,76,3
890,67,1
767,68,1
1257,61,1
1082,97,1
586,99,1
1234,71,1
383,80,1
366,95,0
863,34,0
832,93,0
1082,79,0
957,51,0
754,64,5
50,89,5
1275,54,0
1163,66,2
406,58,0
728,66,1
49,50,0
877,57,0
841,54,4
1257,82,4
1157,55,5
163,74,0
1194,81,0
802,74,3
1155,38,4
500,82,2
341,85,2
612,49,2
1519,77,4
81,80,4
460,72,4
656,51,4
648,78,4
590,102,4
236,69,0
1251,85,0
1352,74,0
763,58,1
325,100,1
1338,79,2
507,90,0
1168,94,0
753,67,0
828,61,3
521,89,3
1163,45,3
1112,32,5
1057,93,5
1484,32,5
878,80,3
147,65,3
940,75,3
167,54,3
784,49,3
802,43,3
1113,102,3
546,63,0
41,95,5
690,87,5
642,50,3
579,59,3
1239,40,4
122,54,4
133,49,4
806,33,5
1363,57,5
13,92,5
1363,39,5
455,88,5
585,88,5
374,51,5
1219,36,5
58,83,5
993,76,5
1073,102,5
307,34,3
802,80,3
1500,90,5
218,91,5
916,85,2
1312,85,4
887,80,4
152,102,2
555,66,5
761,59,2
1011,55,1
206,94,1
1206,74,1
667,39,0
30,63,3
1459,71,2
832,89,2
1004,84,1
1082,38,1
407,51,1
1010,101,1
1136,61,1
792,85,1
357,33,3
690,37,1
447,41,4
1436,101,5
1275,75,5
1382,38,5
1483,88,3
716,33,2
1041,84,5
1205,82,5
698,68,2
1294,50,5
1371,68,5
486,95,5
645,36,5
876,56,5
556,40,3
1323,66,3
597,78,3
350,44,3
586,70,3
337,40,3
163,55,3
1455,54,5
106,89,5
1078,54,5
496,81,1
435,99,1
818,46,1
1124,86,4
1123,47,4
123,62,4
121,42,4
1043,89,4
809,68,3
978,40,4
1379,49,4
32,97,4
1140,62,4
404,71,0
1138,102,5
206,47,5
257,82,5
1432,63,1
1378,63,0
760,61,0
1294,56,3
1283,92,3
686,32,1
830,74,5
13,60,5
864,90,3
844,101,3
889,93,3
843,55,3
1513,75,3
421,52,4
129,59,1
1132,41,1
167,86,2
1473,102,0
325,77,0
527,60,0
1011,76,0
990,95,0
880,83,3
519,99,4
289,33,4
1043,57,4
752,40,4
385,41,4
1027,88,4
1471,93,4
579,93,3
309,90,3
253,37,4
969,101,4
584,46,2
520,102,1
1053,95,1
1126,98,1
156,78,2
1395,68,2
531,47,4
204,100,4
185,100,4
811,79,4
1175,46,0
1184,49,0
103,36,5
1267,54,5
83,92,5
1463,85,5
490,67,5
875,47,3
1491,96,3
1276,35,1
1,97,0
59,75,1
927,54,1
833,51,1
584,102,3
901,65,2
906,43,2
1474,46,2
1126,34,2
1224,86,5
1478,45,5
1283,76,1
1244,45,1
1310,77,1
1462,36,1
37,39,1
119,54,4
1244,99,3
564,63,1
1294,33,1
1416,95,1
1034,97,1
688,41,3
253,54,3
428,82,3
1239,61,0
659,89,0
1430,95,3
959,93,3
1212,69,1
754,90,1
956,49,5
1333,97,4
206,57,4
603,89,4
624,101,4
719,38,5
181,84,5
1212,47,2
708,85,2
659,53,3
1479,41,3
69,65,3
1037,32,3
1474,33,5
978,41,0
1368,55,1
654,86,0
1335,39,0
21,58,0
968,100,0
1190,47,0
1476,34,5
1410,100,1
1156,97,5
1433,65,5
19,48,4
285,52,4
670,46,4
65,92,1
264,100,1
1432,47,1
142,73,0
388,86,0
320,35,0
1036,101,1
195,62,1
901,94,4
551,37,3
1500,41,3
811,77,2
147,42,2
1029,95,1
982,43,1
1313,41,5
1138,46,0
267,73,1
157,70,5
30,81,5
1288,73,3
1386,93,3
690,92,3
385,96,3
1055,60,3
150,99,3
763,48,3
47,77,3
313,80,3
348,54,5
300,53,5
576,81,5
119,67,5
1156,63,5
1115,102,5
777,71,5
366,80,0
1221,44,2
356,87,4
686,74,4
255,62,3
1269,50,4
1227,67,3
1473,92,0
181,37,0
533,78,4
1463,61,4
425,73,5
590,101,5
927,49,5
766,89,5
1106,73,5
475,96,5
765,71,5
734,38,0
169,60,0
540,75,4
735,41,5
1187,100,5
1465,92,5
16,49,5
293,63,5
125,95,5
194,92,2
539,53,1
1067,73,1
843,43,0
1283,40,0
133,56,0
32,84,0
239,51,0
105,77,0
1220,46,5
290,40,5
865,45,5
866,61,4
966,84,4
769,38,5
21,33,5
102,87,5
199,102,5
1149,66,5
663,63,5
1495,75,5
929,51,5
742,38,3
1404,54,3
1272,77,0
1432,90,4
157,93,4
151,40,4
1091,40,4
138,65,4
394,66,4
1436,36,0
1361,93,0
1175,82,0
986,58,5
744,71,5
784,40,5
179,46,5
1235,44,3
914,76,3
855,58,3
77,69,3
984,88,5
360,85,4
1202,88,4
1206,47,4
664,65,4
343,75,4
943,65,3
792,53,3
216,47,1
1374,89,5
763,65,0
1444,43,0
1133,75,0
1132,46,0
199,44,0
87,98,0
573,48,3
928,65,3
104,63,4
540,49,4
1100,64,4
815,35,4
1460,75,4
64,53,4
716,89,3
533,68,3
1436,99,3
1184,63,5
352,80,5
806,47,4
1112,76,4
1267,39,4
123,64,1
533,43,1
623,55,0
1294,64,0
1106,95,0
624,37,0
171,100,0
714,49,5
1106,90,5
434,89,0
1521,62,0
368,39,0
1507,93,3
100,70,3
698,102,0
1175,80,5
1031,95,1
36,87,2
1092,32,2
442,40,2
1156,42,2
865,89,3
144,46,3
35,59,3
1142,62,2
141,37,2
505,86,4
795,100,4
438,49,4
263,38,4
1234,56,4
356,94,5
456,98,5
1001,70,3
83,56,3
104,77,0
1310,73,0
820,66,0
608,76,2
1435,78,5
1519,52,2
817,48,2
595,64,2
507,49,2
335,49,2
1306,40,1
320,51,1
202,85,1
583,41,2
874,53,3
1020,77,1
1508,88,1
122,93,1
537,95,1
952,95,2
1266,92,2
1435,79,3
1146,41,1
122,77,1
1007,78,1
307,99,1
1239,49,1
795,66,3
1078,78,3
744,33,4
1004,55,4
685,33,3
957,85,3
17,94,3
635,64,3
1272,96,3
695,44,3
154,82,3
93,68,3
608,87,5
1212,94,5
929,81,0
194,47,1
68,88,2
100,73,2
872,82,5
984,51,5
335,101,3
1078,57,3
483,95,0
784,44,0
604,81,4
1508,64,4
11,33,0
1239,82,0
1106,70,0
1339,76,5
447,79,1
1219,86,3
1230,39,3
245,46,3
953,36,3
1260,96,2
627,55,2
523,53,5
176,74,1
701,67,3
1482,78,5
64,48,3
236,85,3
638,99,4
134,58,4
207,43,1
701,32,1
679,86,1
1519,48,1
843,79,1
1138,45,1
889,72,1
986,67,0
1227,38,5
464,38,2
1520,87,0
584,81,5
1157,44,0
1088,34,0
373,83,4
1205,92,4
753,36,4
1420,38,4
1507,49,3
791,45,3
1511,72,3
1069,33,3
272,85,1
119,77,4
152,85,1
590,95,1
112,45,2
1474,38,2
35,94,5
293,39,3
157,56,3
1009,71,3
604,36,3
1018,61,5
255,67,5
956,91,5
604,79,0
1082,83,0
666,76,0
251,93,0
1160,80,0
990,72,5
1282,74,5
724,54,5
103,86,0
251,39,0
1359,45,0
332,100,3
864,75,4
41,54,0
515,100,0
434,65,3
331,97,4
1144,78,4
1427,82,4
579,87,4
1075,60,1
272,95,1
50,96,2
123,72,2
342,44,2
1039,97,1
1219,39,1
41,46,1
290,64,2
815,92,2
1010,47,2
863,53,2
606,40,3
1425,41,4
927,38,4
1313,62,4
439,53,5
710,86,5
1241,35,1
483,93,0
464,67,0
960,65,0
1072,65,0
331,50,4
797,91,3
1152,89,2
187,50,3
1078,43,4
533,95,4
285,89,4
181,78,4
683,86,2
913,77,2
552,87,0
283,47,0
841,66,0
426,34,0
639,83,0
1471,37,0
437,75,0
1012,75,0
1459,100,0
450,72,0
1258,85,2
1040,47,2
1463,63,2
308,40,2
728,61,3
289,46,3
1173,92,3
765,38,3
627,45,3
1158,93,3
1084,81,1
747,67,5
663,76,5
544,100,5
23,41,5
913,98,4
990,58,4
896,87,4
619,102,4
30,50,4
1276,64,4
1157,89,4
982,96,4
1155,47,2
1499,37,2
576,99,5
267,38,5
68,102,5
304,94,1
1031,40,1
67,97,1
63,63,1
1202,91,0
1468,79,0
834,66,0
539,99,0
445,36,3
1067,40,3
748,59,5
1055,36,5
1159,84,5
239,85,4
754,37,5
244,83,5
997,77,5
1282,80,4
313,65,4
1101,36,4
887,65,1
300,87,0
1346,57,4
36,99,1
1257,32,1
176,85,1
901,46,5
99,100,1
753,100,5
125,51,5
404,61,5
753,43,0
639,94,0
641,59,0
192,90,0
184,94,5
244,92,5
1132,100,5
1317,71,5
348,65,2
925,88,4
659,62,0
199,52,0
724,49,5
4,36,5
742,64,5
404,70,4
68,62,4
14,42,4
1138,88,4
1463,102,4
307,93,1
334,51,1
844,94,5
255,98,1
1420,34,1
1476,75,1
548,61,2
1065,83,2
777,65,2
1405,42,2
1191,64,2
1492,79,2
925,46,0
950,45,0
583,81,0
360,87,0
216,68,0
1235,74,3
75,54,5
1256,70,5
277,53,5
273,82,5
1371,45,1
483,57,1
1243,35,1
157,60,3
819,66,1
1269,87,1
893,55,2
922,86,0
450,66,0
687,102,0
1460,48,2
656,83,5
345,97,5
851,97,2
150,34,4
995,63,4
966,62,0
929,76,3
1123,51,3
292,39,3
834,91,3
298,72,1
1370,35,0
181,40,0
150,75,0
1467,90,0
285,98,5
911,33,5
921,88,5
1081,53,5
184,46,5
1037,97,5
677,40,5
1390,48,5
921,46,5
308,60,5
556,70,4
200,55,4
1473,84,4
239,80,4
806,96,4
1137,61,0
1412,57,0
1465,71,0
777,37,3
1371,35,0
17,77,5
1219,50,5
1384,90,5
1379,50,1
436,76,1
724,69,1
17,42,1
1218,69,1
978,63,1
1433,75,1
452,68,2
331,99,1
301,85,0
1040,93,5
566,75,5
1264,91,0
337,61,2
1448,67,2
827,38,2
156,75,0
383,96,0
309,38,0
17,76,0
243,73,0
723,54,0
1352,49,4
263,33,4
576,39,4
1023,60,4
1372,37,0
709,35,0
982,47,0
919,41,0
899,91,0
1264,40,0
1459,56,5
255,34,5
1122,33,5
919,49,3
275,48,3
1288,37,3
224,35,0
1452,41,0
147,82,4
936,87,5
1314,50,5
1499,36,3
683,62,1
442,77,1
1297,87,1
880,57,1
1126,45,1
921,48,1
1190,48,0
989,54,3
823,62,0
733,39,0
1164,71,0
748,46,0
1384,63,0
13,53,5
161,55,2
961,90,2
1319,32,2
1010,89,2
723,65,2
504,64,5
797,46,1
551,54,1
777,54,3
660,34,5
895,32,5
932,92,1
830,91,1
660,35,1
929,42,3
212,58,3
1133,92,3
828,80,3
1154,73,0
800,62,0
200,36,4
301,43,1
710,46,1
1249,73,1
1206,43,1
1475,79,1
1390,44,3
1184,84,3
142,102,3
1405,92,3
1206,59,3
1106,84,5
292,40,5
325,35,0
716,35,1
1139,63,1
1227,63,1
64,55,1
690,79,4
916,52,4
49,58,2
245,97,2
486,73,5
1105,33,5
943,41,5
1500,44,0
1384,88,1
603,47,1
895,56,4
552,59,0
1435,64,0
1257,45,0
17,67,0
62,79,2
919,91,2
1112,49,2
1153,54,5
1337,48,5
522,41,5
1339,86,3
1314,59,3
546,36,3
1310,32,3
1010,67,3
923,36,3
916,42,0
1078,37,4
698,74,4
304,80,0
990,55,0
999,77,0
1121,102,0
1132,43,0
939,58,0
716,51,4
115,77,0
2,100,0
1278,39,0
1173,47,4
811,43,4
1339,88,4
1221,86,4
179,41,4
638,43,4
1482,57,4
551,43,0
499,49,0
248,54,3
664,56,4
192,70,4
819,100,5
1282,33,0
1220,86,0
1448,74,2
1319,55,5
59,65,1
906,88,1
1182,42,1
814,44,1
1055,52,1
343,62,2
157,85,2
134,88,1
1194,89,0
204,96,2
1317,66,2
1114,82,2
309,39,4
482,59,4
27,99,4
818,81,4
1012,63,4
1088,50,4
818,86,4
527,65,4
1461,68,3
1459,60,4
548,87,2
586,52,2
161,38,2
1359,98,4
200,51,3
490,53,4
1382,78,5
616,69,3
551,78,1
1496,47,2
54,59,4
21,55,4
1335,71,4
895,77,2
112,66,2
1084,58,2
828,83,0
1226,90,3
335,38,5
218,53,5
751,100,2
978,68,3
136,100,3
1278,100,0
1510,59,0
845,51,0
911,54,1
851,85,1
1360,37,4
263,36,4
1153,39,4
698,33,2
557,41,0
1491,81,4
1495,37,4
559,87,0
1044,60,3
69,98,3
198,68,1
13,39,2
597,47,2
551,73,4
906,92,4
716,100,2
1319,60,2
30,59,4
1084,57,0
1352,59,3
1336,72,3
1410,101,3
194,54,3
335,74,3
195,33,2
201,86,2
961,86,2
421,57,3
1235,86,2
356,35,2
218,74,3
574,64,3
1159,33,3
1491,100,0
1205,76,0
13,42,3
449,98,3
30,36,1
1275,63,1
990,34,0
449,92,0
1258,79,1
1080,99,2
1345,96,3
1134,37,4
1087,59,4
1055,99,4
999,94,2
153,102,2
875,57,5
1456,94,2
833,60,4
1256,59,4
1139,67,4
394,72,0
499,53,0
213,69,0
472,70,4
679,89,4
451,63,5
1243,41,4
520,99,3
817,90,3
1370,38,4
69,70,5
585,44,5
462,65,4
355,73,3
1055,81,3
921,69,3
803,35,3
966,43,3
932,60,3
1456,84,5
106,96,5
41,90,4
1396,69,4
990,45,5
1080,101,5
736,82,5
1122,41,5
290,66,5
1479,92,5
115,70,0
769,72,0
450,73,0
1073,66,5
450,94,4
1004,59,4
430,69,3
1144,73,3
1176,62,3
1430,55,3
1311,71,3
1093,59,0
588,54,0
665,50,4
441,85,1
1431,46,1
1081,40,1
352,81,1
1347,98,0
1123,79,0
1107,87,0
106,91,0
1004,72,5
29,53,3
642,64,3
1491,65,3
929,97,3
1227,34,5
115,55,5
1149,94,2
350,34,2
548,79,4
1492,33,1
1020,50,1
869,53,1
1399,50,5
719,81,3
708,44,3
1360,51,3
1517,36,0
1139,65,0
1075,38,0
1456,44,0
1459,102,4
688,49,4
614,86,0
1455,70,4
820,43,2
54,102,2
1495,39,4
427,67,4
638,82,2
961,57,5
875,42,5
1065,58,1
1027,35,1
263,88,1
995,89,1
1243,42,1
642,47,1
621,78,3
809,65,3
84,63,3
496,87,2
1074,35,2
460,53,2
341,77,2
964,36,2
253,70,2
91,42,2
716,93,2
817,100,2
1347,102,2
308,51,0
841,37,5
460,47,5
157,52,3
30,32,3
1453,87,3
1488,93,0
767,61,0
582,68,0
300,92,4
818,63,1
1092,41,4
827,89,4
1371,99,4
1173,89,4
735,102,4
931,79,0
753,98,2
7,70,0
489,37,0
1509,72,0
1251,47,5
606,38,0
83,36,0
99,77,3
250,76,3
885,73,0
1281,72,0
800,50,0
1345,91,0
37,102,0
969,78,3
1175,43,1
845,32,1
1457,44,4
527,101,3
327,70,3
531,48,3
77,35,3
1084,92,3
1234,91,0
558,66,0
1114,32,0
1203,73,0
147,75,0
906,84,3
616,62,3
1306,46,5
939,102,1
724,86,1
1007,64,4
1234,73,0
342,39,0
1336,87,1
374,89,1
1196,41,5
889,68,5
638,63,5
646,76,0
1427,50,0
168,50,0
136,41,5
241,93,5
1203,49,5
49,65,5
899,88,1
710,38,1
93,85,3
558,71,3
7,101,3
1065,79,3
290,94,3
1378,76,3
436,55,4
828,100,3
30,74,3
292,71,0
194,71,0
385,43,5
443,88,5
1292,86,4
187,38,4
1219,63,5
445,95,5
7,67,1
940,50,4
624,95,5
527,38,5
991,70,3
1312,32,3
250,73,3
1352,88,4
147,77,4
1187,68,3
1455,85,1
799,97,5
827,77,2
281,63,2
1329,57,2
230,99,0
1272,39,0
220,97,4
424,76,4
300,71,4
1044,69,0
686,56,0
4,64,0
500,72,5
943,73,2
1007,93,2
199,95,3
1226,92,1
1165,33,4
943,52,4
1011,101,4
505,49,4
168,33,4
1448,65,4
607,53,1
427,70,1
734,46,2
240,61,4
690,50,4
736,37,2
78,74,1
1495,66,0
1360,61,0
1121,90,0
1205,70,0
855,61,0
980,66,0
818,38,2
180,84,2
747,54,2
698,75,4
61,87,1
882,45,0
1091,88,0
809,47,0
275,79,0
766,61,3
36,64,5
389,79,5
566,59,5
956,46,5
103,50,5
121,99,5
1113,75,4
878,36,4
351,91,4
1363,45,4
464,44,2
921,80,2
1346,63,2
1390,77,1
167,49,3
313,72,3
24,79,3
1157,52,0
1345,100,0
559,78,0
635,61,0
873,90,0
452,49,0
990,59,4
869,84,4
415,46,5
320,32,1
27,36,4
1210,45,4
489,42,2
792,41,2
604,92,2
986,36,1
716,46,2
1023,33,2
966,48,2
1148,70,1
1372,68,0
1173,33,0
179,39,4
1001,68,4
207,45,4
239,54,4
2,45,3
1241,83,3
1139,66,0
49,92,3
753,56,3
974,43,3
404,94,0
901,40,0
544,94,0
764,99,0
986,92,0
1142,64,0
1274,89,2
27,87,0
483,37,0
1081,42,1
1311,40,1
50,55,1
1278,90,4
141,72,2
618,61,2
461,57,2
62,80,2
1334,56,2
1104,82,2
1167,38,2
295,101,2
1396,62,2
287,100,2
207,54,2
1167,50,2
125,65,2
843,94,2
832,90,5
1432,52,1
645,101,1
475,56,3
460,101,3
1018,94,3
1157,83,3
1345,40,5
1124,32,1
62,81,1
1080,82,1
253,83,1
1107,52,1
460,58,1
1040,56,1
1399,76,1
966,60,1
388,49,2
195,93,1
1260,74,4
1335,76,0
24,69,2
287,81,2
719,82,1
1139,96,1
579,48,0
1479,35,0
81,89,0
311,73,0
1463,99,0
714,61,0
1181,51,1
579,64,1
1430,100,1
461,32,4
1401,74,4
531,67,4
982,87,0
1133,72,4
194,51,4
747,58,3
1055,98,3
144,54,3
204,50,5
78,73,5
1004,73,3
875,91,3
317,65,3
1157,50,3
1432,53,3
41,76,3
220,46,3
461,84,3
351,83,3
1292,47,3
200,58,3
1278,67,3
1351,75,0
1224,60,1
1054,85,1
36,72,1
1078,40,1
224,94,0
914,57,2
990,66,2
574,35,3
58,54,3
439,90,3
521,41,2
1162,93,2
37,90,2
212,61,2
623,67,2
1168,73,2
251,50,2
407,44,2
1311,44,5
1391,48,5
1420,69,3
342,78,2
273,88,2
608,64,4
368,50,4
251,74,4
1507,89,4
214,53,4
1329,62,4
752,46,4
585,102,3
573,73,3
963,51,3
355,69,2
1304,81,2
1257,48,2
1159,73,2
799,51,2
1446,71,4
224,75,4
1278,64,5
751,87,5
1136,79,1
295,42,5
1436,62,1
1206,36,1
428,97,1
660,90,1
1130,89,1
760,67,4
1461,41,0
937,83,0
838,57,0
656,42,0
1027,59,0
685,94,4
1338,91,2
716,70,4
202,86,4
1381,94,2
293,56,2
851,38,5
627,63,5
366,45,5
178,49,5
1371,34,3
345,100,3
539,40,3
1220,38,4
1182,43,3
1446,61,3
1369,38,3
1418,72,1
1029,83,1
451,81,1
1081,38,1
460,91,3
679,74,3
107,61,4
81,72,4
1359,39,1
1226,98,1
19,57,1
1256,101,2
510,84,2
104,96,2
1352,96,1
29,70,2
197,87,2
937,41,2
788,54,2
784,48,5
1374,83,5
1111,76,5
999,45,4
582,75,4
664,46,4
1329,33,4
1054,94,4
704,46,5
101,45,4
963,48,4
441,41,4
656,44,4
700,88,4
224,50,0
1057,84,0
173,71,4
441,76,5
1407,39,3
482,102,3
1410,87,3
1371,79,3
863,49,3
227,95,3
1088,94,4
554,42,3
1122,45,3
331,76,3
461,48,3
1099,46,3
916,48,3
313,52,0
125,50,0
77,70,0
374,54,0
1363,55,0
1483,102,0
586,69,5
15,100,5
1103,65,4
294,44,4
953,78,4
603,73,4
17,91,4
179,33,5
750,70,1
920,39,1
192,32,1
194,40,1
1009,89,3
443,67,3
791,91,3
690,33,3
198,87,3
1500,72,0
820,54,0
380,81,1
1339,90,1
1260,41,5
585,85,2
267,86,2
432,44,2
111,71,2
1339,42,2
851,83,2
1187,101,2
665,47,2
616,68,5
607,55,5
819,62,5
733,73,5
559,51,4
861,49,4
307,38,4
820,71,2
1115,77,4
1093,45,4
1446,73,4
921,52,5
1518,52,5
200,70,1
1244,68,0
1041,87,4
50,101,4
889,39,3
500,70,3
845,87,3
1212,80,3
394,32,3
436,65,0
960,94,2
1363,34,2
660,89,3
300,43,3
267,85,3
1138,96,1
97,57,4
1282,48,4
548,53,4
1224,69,0
728,94,3
327,76,3
304,39,3
522,58,3
293,36,5
1207,59,4
1172,51,4
1173,69,1
586,61,1
407,62,1
317,36,5
432,62,5
735,88,0
1243,97,0
275,38,0
818,79,4
1448,50,3
1269,64,4
982,55,2
648,60,2
1069,57,2
461,87,2
820,68,1
1381,67,1
532,95,0
990,89,5
1226,37,4
1267,47,4
1404,71,4
1468,36,4
828,46,3
795,76,3
351,93,3
1155,49,3
698,42,0
1418,98,0
239,63,0
974,74,5
626,98,5
67,93,3
342,70,0
111,52,0
405,38,0
315,57,0
950,59,0
257,86,0
453,52,0
449,38,3
7,41,4
103,66,4
537,53,4
1202,95,4
192,96,4
1351,72,4
1390,69,4
1314,71,2
409,59,2
58,47,4
122,80,0
1087,41,4
963,67,4
104,67,4
957,84,4
342,48,4
173,61,1
1140,55,1
864,48,1
1418,39,1
496,46,5
1168,56,5
315,61,1
1081,50,1
896,102,4
679,90,0
466,76,0
1335,60,2
475,100,2
999,47,2
963,82,2
65,38,5
356,58,2
701,49,3
929,49,2
1102,93,4
1278,83,4
736,61,5
1207,47,1
802,44,2
901,54,3
195,58,3
78,100,3
1190,66,3
1136,71,3
1312,66,0
1471,56,0
828,77,1
1221,63,1
1479,76,0
995,80,0
1464,43,3
425,49,5
583,91,5
1436,38,1
1127,39,1
555,74,0
664,45,0
490,79,0
521,59,0
1496,36,2
504,98,3
1345,83,3
811,72,3
1511,68,3
1401,46,3
830,62,2
1221,49,2
1314,40,1
466,70,1
1210,86,1
901,86,1
873,32,1
99,96,5
690,77,3
507,61,1
119,62,1
1133,60,1
4,60,1
1511,82,1
1190,73,1
161,59,1
200,32,0
667,93,4
690,47,4
195,39,0
421,48,0
493,50,2
283,100,2
597,99,4
507,40,3
138,93,3
424,41,2
241,89,2
1104,45,2
1190,62,2
84,80,4
865,87,4
855,41,5
15,42,2
1488,88,3
832,69,3
1381,61,4
167,45,5
866,73,0
1181,89,0
663,98,5
435,97,5
456,70,5
283,36,1
200,56,0
250,77,2
1100,81,2
1417,63,2
469,79,2
73,47,2
539,84,2
818,53,2
608,102,2
1369,54,2
1431,72,2
1399,54,2
244,60,2
264,72,2
1136,38,2
1417,81,2
583,56,2
986,65,2
931,55,2
1206,83,2
1276,65,1
443,41,0
654,35,1
800,37,1
1249,35,1
800,35,1
1091,38,2
490,78,2
1206,88,2
809,41,2
1157,100,2
747,91,2
841,92,5
1453,90,5
960,71,5
1160,33,0
709,66,0
157,44,4
863,47,4
551,47,3
425,64,0
1361,102,5
1430,38,1
1476,42,4
616,66,3
750,88,3
555,70,3
585,52,3
449,45,3
1482,58,3
893,35,0
885,49,0
663,95,0
1139,50,5
1372,94,5
350,47,0
248,79,1
1159,50,1
606,56,1
1429,55,2
939,36,1
1313,38,4
1218,82,5
1080,77,5
555,45,5
383,50,1
811,44,1
184,84,1
147,95,1
281,67,1
15,35,1
1429,43,0
64,74,0
486,93,0
318,92,0
1018,41,5
750,47,5
656,33,0
1106,40,0
1488,74,5
101,37,4
21,94,4
704,80,4
1371,57,3
389,51,3
1351,74,3
747,56,3
121,58,3
940,49,3
67,92,4
754,72,4
1298,94,1
1405,80,1
251,38,1
78,36,1
999,34,1
512,67,0
334,52,0
464,73,2
1264,74,2
1102,90,0
570,40,0
187,42,0
731,88,0
1335,53,0
765,32,0
332,76,0
919,93,0
1207,36,5
1230,60,4
800,87,4
952,51,4
1154,49,4
499,38,1
744,97,1
968,89,3
1430,77,4
889,80,4
586,73,3
714,32,2
1167,96,3
35,102,3
893,57,3
97,96,5
677,93,5
845,78,5
1105,78,5
1446,47,0
648,35,1
178,83,1
1509,88,4
1291,85,4
566,45,4
1453,46,3
1335,89,0
385,81,0
19,52,0
101,65,2
97,60,0
1172,70,0
1007,92,0
1401,63,0
799,33,0
455,99,0
50,54,1
151,97,5
619,99,1
1431,92,1
754,66,1
629,47,5
1418,79,5
742,101,5
1298,75,3
555,34,3
1137,59,3
1319,92,3
1054,95,3
564,73,3
394,49,0
1088,52,0
791,94,0
121,69,0
105,52,2
1191,43,0
1310,88,5
428,85,3
765,55,2
1306,72,5
1479,66,3
1463,38,3
493,99,1
194,76,1
430,58,1
704,96,1
505,77,4
250,62,4
380,58,4
558,100,4
1382,61,4
855,44,4
1187,96,4
889,99,4
207,72,5
809,71,5
101,82,1
317,76,1
1499,57,1
1107,41,3
125,91,0
535,101,0
641,79,0
664,59,0
1519,101,0
248,89,0
311,101,1
428,100,5
1376,102,5
493,97,5
1176,69,2
878,42,5
1027,47,5
1044,89,3
213,35,3
590,44,4
896,83,5
1009,92,5
922,99,2
505,85,2
558,82,2
784,99,2
17,89,2
1248,60,2
1269,41,2
134,69,5
292,49,5
298,87,4
868,55,5
1404,94,2
1463,44,2
7,44,2
956,96,2
989,97,2
760,38,2
15,88,1
1167,79,1
554,82,1
1453,57,2
685,83,0
1294,59,1
1476,90,2
1291,78,2
579,70,2
298,73,2
441,68,4
800,51,2
430,47,2
753,46,2
1226,91,2
1044,71,2
713,61,2
441,98,0
708,46,5
1031,97,5
2,51,5
171,66,1
963,83,1
683,83,2
586,97,2
1393,42,5
1163,63,4
665,68,3
369,100,5
722,32,2
558,77,2
1140,75,2
1131,52,3
1111,50,0
1072,75,1
677,91,2
1456,65,2
105,46,3
311,91,1
301,78,1
493,67,0
984,53,0
1269,96,2
948,61,0
887,99,3
243,56,3
597,92,0
966,32,1
777,100,4
666,38,5
557,50,2
1348,73,2
369,79,5
301,80,5
1334,35,5
576,93,5
523,72,5
650,80,0
968,56,4
1207,86,4
966,41,4
1306,64,4
1092,37,4
1460,70,3
645,72,3
744,94,5
50,56,5
272,73,3
1221,55,3
595,52,3
17,101,3
960,89,5
202,88,5
385,64,0
1212,34,0
1158,64,0
87,56,0
483,71,5
351,99,5
1507,88,5
1323,69,5
645,35,5
930,32,5
255,43,3
352,57,2
968,58,2
106,67,2
1452,43,2
820,80,2
1283,55,2
688,82,2
539,78,2
206,76,2
1057,81,2
558,61,2
763,61,0
959,100,4
136,86,4
1328,87,4
290,36,0
1482,97,0
331,61,0
624,91,0
993,90,0
311,52,1
1175,86,4
99,50,4
224,89,0
277,64,0
161,87,3
750,92,2
995,34,2
348,80,0
595,68,0
180,68,0
490,99,2
1203,67,2
73,54,1
1475,88,4
1323,93,4
115,89,4
736,48,5
194,59,5
67,36,5
263,95,5
331,75,5
892,89,0
1372,84,0
1235,97,1
747,40,1
1467,51,5
1311,98,3
1178,57,3
830,97,3
1269,56,3
253,87,4
1274,85,1
105,36,1
1057,91,1
608,86,3
1163,40,3
1075,81,3
1351,33,3
67,87,2
178,55,4
1384,42,4
300,51,4
795,77,1
320,77,1
1276,72,1
35,100,1
877,51,5
93,89,5
115,75,5
1156,67,4
1520,84,4
244,70,2
1139,38,2
304,79,2
618,50,2
351,102,2
1172,83,3
939,88,3
538,38,3
1037,61,3
1376,70,5
113,90,5
442,95,4
1440,59,4
899,39,4
1040,49,0
294,42,0
36,100,0
11,101,0
507,37,5
308,96,5
1052,59,5
666,100,5
1272,95,5
1452,56,5
735,97,3
300,85,3
579,63,3
941,65,3
83,93,2
679,68,2
1257,49,3
573,44,3
1269,52,4
62,43,4
1140,49,4
754,74,4
731,47,1
1369,45,1
882,74,3
646,93,3
366,89,3
1281,41,0
1314,41,3
843,52,3
83,47,3
1120,34,2
239,86,3
1474,98,3
670,37,3
546,91,2
212,75,5
173,84,4
760,100,3
1386,40,3
1436,75,3
873,83,2
1405,49,2
1134,96,4
827,99,2
133,87,2
153,92,4
1248,53,3
1234,93,3
62,69,3
1298,52,3
1137,71,3
1288,101,5
584,58,5
845,82,0
809,70,0
980,41,0
1168,77,5
1251,72,0
142,35,0
845,34,5
1036,86,1
916,54,1
1020,100,1
169,38,2
224,86,2
263,61,2
1034,59,5
1123,92,5
63,72,5
927,46,0
1011,87,0
136,39,0
566,102,0
767,59,0
1239,97,4
1351,32,4
83,66,1
991,82,1
1194,79,1
750,34,1
1190,32,1
901,55,1
336,93,3
1264,88,5
1081,89,5
943,50,5
1126,49,0
966,68,5
1391,69,4
272,96,5
588,57,5
213,53,5
558,83,5
311,85,1
604,78,1
133,51,1
688,47,1
1379,53,1
332,50,1
1319,73,2
932,55,0
1041,102,3
1269,59,1
248,40,1
961,42,1
584,72,1
1516,81,1
882,94,5
357,36,2
708,80,3
939,85,3
369,86,2
1260,87,1
1012,88,1
701,74,1
799,46,1
336,102,0
536,54,0
1396,34,3
1459,90,3
489,45,3
896,34,3
1219,65,3
959,65,3
855,82,3
1500,98,2
512,93,2
896,60,2
989,43,2
614,42,2
137,51,1
701,69,0
1294,101,0
1210,73,0
667,95,0
75,45,0
519,87,0
510,51,0
1178,88,0
1165,62,0
1363,102,0
198,33,0
102,35,5
1102,51,5
273,58,5
148,95,2
818,34,2
1484,79,5
293,88,4
595,94,4
293,66,4
3,86,1
809,78,1
192,40,0
407,46,0
674,98,0
540,61,5
654,61,0
437,82,0
880,54,0
190,71,1
190,68,1
504,76,1
195,36,4
590,37,4
1167,92,4
100,36,2
963,55,2
940,48,3
564,53,3
84,58,3
385,58,5
811,87,0
696,86,2
1256,56,2
1370,98,2
355,58,2
374,57,2
802,93,2
896,41,2
1072,62,2
1417,58,2
919,34,4
1427,58,4
58,50,4
437,37,4
995,67,1
104,91,1
1118,97,1
1027,51,0
849,87,0
1106,45,0
382,53,0
320,69,1
1218,75,0
1001,48,1
292,36,4
939,82,4
937,82,4
1448,88,0
851,52,4
1120,39,4
1361,40,4
1059,64,1
1412,99,1
304,51,1
1137,52,1
244,67,1
1347,76,1
1206,54,1
1155,55,1
964,55,1
753,62,1
841,94,1
134,101,1
629,79,1
366,59,3
1259,80,4
546,102,3
1281,101,0
100,39,2
1474,44,2
111,75,1
1516,79,1
1359,66,0
1509,41,0
1476,48,1
168,70,2
666,87,2
735,50,1
677,36,1
1206,79,3
980,48,0
984,99,0
1298,42,0
626,81,3
1477,61,2
817,76,2
1241,95,2
460,32,2
232,38,2
753,39,4
698,86,5
548,42,2
1202,93,2
975,96,2
58,86,2
507,32,2
710,74,1
358,56,0
1491,47,0
16,32,1
554,47,3
1093,89,5
576,91,2
1055,100,1
921,85,1
1028,57,1
1509,47,1
374,36,5
190,56,5
320,79,4
122,82,4
272,56,3
566,84,0
240,52,5
272,43,2
1148,82,2
614,84,2
527,36,3
1158,68,3
289,72,2
754,42,2
595,88,2
1521,84,2
54,35,2
588,78,3
948,45,1
685,43,1
546,56,3
148,44,2
701,76,2
590,33,2
641,82,3
564,36,3
818,35,2
1114,47,5
1122,59,0
641,102,0
7,62,2
382,42,0
424,92,0
885,95,0
1390,54,0
914,94,3
1224,88,4
1120,96,5
940,34,0
500,65,0
1440,81,1
103,75,1
931,38,1
29,50,1
222,43,3
466,32,0
239,76,1
869,70,1
1278,65,1
849,66,2
435,35,2
1044,33,2
368,80,2
23,52,4
281,33,3
15,62,0
315,56,0
255,65,0
1313,91,0
1249,66,0
665,55,0
733,74,0
456,85,1
1395,45,5
1049,82,0
1218,76,0
700,49,1
777,81,5
845,67,4
1092,48,4
293,57,4
991,36,4
1518,62,4
499,102,4
880,98,4
948,47,4
1408,95,4
456,66,2
1176,48,2
112,57,2
1202,83,1
986,37,1
1417,97,0
184,56,0
1288,89,0
929,53,0
618,95,0
473,67,0
337,99,0
15,94,0
1457,57,2
136,94,0
1167,98,5
1467,58,5
1310,101,5
742,70,5
1122,100,5
802,52,5
1499,90,4
815,95,2
1187,78,3
1359,73,3
849,98,3
49,74,3
1137,102,3
551,89,3
802,66,3
383,85,3
914,85,3
59,69,3
1478,74,0
817,81,0
1379,36,0
1393,82,0
35,83,0
850,83,0
1088,92,0
32,35,0
1345,61,4
206,83,4
1404,34,3
452,102,3
1043,93,3
171,65,5
1415,102,5
1105,87,5
218,38,3
239,40,3
106,33,3
144,39,5
1093,84,5
660,95,1
877,66,0
455,75,0
75,69,4
828,96,4
980,70,5
597,84,5
982,88,0
892,74,4
1507,72,0
414,99,2
19,102,5
606,37,4
1138,71,4
1386,39,3
1521,75,1
1313,102,1
1429,51,1
1099,43,1
799,78,4
941,86,4
8,48,5
368,66,5
1495,57,5
414,62,5
1432,77,2
817,64,2
383,82,5
612,101,4
1054,51,5
961,69,0
866,80,3
68,55,3
383,49,3
1455,96,3
803,44,5
1130,95,3
168,49,3
475,86,5
447,51,5
928,42,5
36,53,2
169,58,2
1259,39,2
814,83,1
1399,51,3
1149,100,2
863,94,4
1360,80,5
107,65,0
190,101,4
555,39,3
737,99,3
1092,69,3
639,56,0
736,98,0
736,54,5
1173,84,5
519,59,4
932,91,4
937,38,4
1130,53,4
1336,85,3
107,50,2
1251,39,1
1276,54,1
115,63,1
216,69,1
351,87,1
57,48,2
1084,60,2
1269,99,2
91,93,2
565,81,2
1152,69,1
456,89,5
928,57,5
1081,90,5
1462,46,5
1386,94,3
1122,53,5
1244,34,4
355,62,4
950,75,4
1369,73,4
147,87,4
184,32,4
520,69,4
578,66,4
29,101,2
761,75,2
1069,71,3
357,71,3
61,51,3
1069,56,1
1148,86,1
722,95,4
1176,90,0
320,41,0
876,40,0
1152,42,4
896,92,4
37,87,0
351,46,4
466,33,2
929,70,4
588,62,5
1518,34,5
1043,91,3
1371,80,4
486,91,4
974,77,4
37,91,2
230,61,4
1149,92,5
1520,59,5
747,92,5
198,56,2
618,77,0
475,53,5
1121,62,1
1065,66,3
230,93,4
961,87,4
1137,33,5
185,65,5
1390,33,2
918,95,4
1491,78,4
916,76,4
57,66,4
895,82,4
185,63,4
321,90,2
582,84,3
1363,48,3
1020,92,2
195,72,4
64,50,1
466,47,2
136,32,2
627,68,5
911,95,3
1408,57,3
153,78,3
559,59,3
1297,80,3
1220,79,5
168,68,5
461,76,5
574,81,5
720,34,5
1347,50,1
483,96,1
1148,65,1
192,82,1
466,87,3
769,67,3
748,65,3
461,45,1
1479,94,1
1436,32,1
107,94,5
1474,69,5
1281,64,5
736,96,4
875,38,4
169,62,4
950,42,4
1112,93,3
1384,94,4
621,73,1
445,75,2
606,47,2
1335,78,2
742,74,2
374,100,2
1348,43,2
14,72,2
154,53,4
667,32,1
1101,74,1
784,98,1
75,64,1
1282,51,5
523,59,5
461,34,4
255,64,4
978,72,5
1168,102,5
73,97,5
1278,101,5
1113,99,5
1430,88,1
2,42,0
603,94,4
564,84,4
73,98,4
1190,88,4
163,99,2
1241,90,3
1432,42,4
989,83,4
1144,70,4
184,82,5
1396,83,5
1381,90,5
1234,58,5
185,56,0
192,64,3
47,54,5
941,95,1
1207,82,1
369,41,3
356,79,3
1264,87,3
91,52,0
1291,58,0
236,37,0
535,84,0
1100,83,0
212,83,0
583,66,0
442,99,2
928,46,5
264,101,5
619,64,5
84,98,3
604,75,3
1483,72,4
428,50,3
29,47,3
57,54,3
405,36,3
1142,83,2
496,48,4
642,100,4
708,58,1
91,37,4
1455,87,4
608,72,4
69,58,4
1304,101,4
1484,98,4
198,89,4
142,33,4
1372,53,4
105,88,3
953,83,3
1461,46,3
1488,38,4
877,73,5
1126,83,5
105,83,5
1283,38,5
1304,67,3
1338,78,0
991,46,0
1282,32,4
218,59,4
1104,61,4
989,71,4
889,51,4
737,97,4
287,52,4
115,71,4
1319,74,4
152,47,4
73,60,2
75,79,2
1453,36,2
336,86,2
161,67,0
106,68,1
30,102,3
1346,75,3
199,50,3
451,49,3
456,99,3
63,95,3
335,77,1
1191,90,0
527,42,0
989,36,0
936,56,0
1319,93,1
436,59,0
1509,70,4
1218,38,1
969,33,1
993,79,2
1282,53,3
1111,34,1
823,84,1
1194,80,5
814,73,3
315,32,2
1474,79,2
427,80,2
940,54,2
214,54,2
921,79,2
686,97,4
855,98,4
77,32,5
441,67,5
969,38,5
64,102,5
1049,38,5
819,87,5
180,50,3
851,74,2
385,51,2
309,92,3
564,35,3
111,90,3
1516,54,3
1468,66,1
113,83,1
512,46,4
156,89,0
63,83,1
1102,66,1
222,52,4
248,44,3
969,99,1
932,73,3
1264,94,3
267,52,0
877,82,4
504,54,4
1436,83,0
409,44,4
1249,95,4
75,36,0
137,40,0
179,44,0
762,78,1
133,100,4
540,89,4
606,39,4
1492,73,4
1,36,4
1370,82,1
686,86,0
369,52,4
1123,63,4
450,86,4
1448,78,4
1138,74,4
844,88,4
99,70,4
309,96,1
986,64,1
3,56,2
882,87,2
608,63,0
257,95,0
153,101,3
214,47,3
733,43,0
1446,88,4
696,78,0
800,68,0
648,95,5
849,36,2
1395,37,2
677,62,2
426,102,5
35,55,5
1336,51,2
102,73,2
1346,58,4
1009,87,4
760,51,1
483,36,0
144,99,0
435,72,0
1460,52,2
49,84,2
202,66,1
1482,45,1
624,64,1
230,52,0
1160,58,1
1206,95,0
1404,36,0
69,49,0
956,52,3
1455,48,5
1407,52,4
163,102,0
1091,42,0
185,91,0
1478,80,0
1317,44,1
1288,35,4
838,37,2
1508,81,0
1312,80,0
1156,100,0
151,53,3
179,66,3
1052,73,0
679,52,0
179,58,3
8,60,3
173,82,3
899,47,1
1128,34,1
122,102,1
1521,36,1
1371,77,1
537,34,2
885,66,0
1328,74,0
1474,43,0
1001,58,4
554,39,5
54,76,3
1513,76,3
1283,90,4
1138,32,4
119,93,4
1274,91,5
179,53,0
792,73,5
1111,70,4
99,91,4
832,36,5
521,95,5
1115,61,2
424,90,2
1492,42,2
193,41,0
1221,57,0
626,64,0
1513,96,2
834,88,1
565,74,1
407,68,5
570,93,3
106,58,3
59,100,0
144,61,0
521,75,0
385,47,3
769,37,3
30,46,3
151,59,1
986,82,1
1475,83,1
594,82,5
1203,56,3
1449,78,3
445,47,3
1101,80,2
1256,50,0
257,87,0
751,101,0
93,49,2
113,48,2
1028,67,2
1408,64,2
1328,94,3
833,47,4
137,67,4
1338,83,0
690,76,2
1122,52,2
308,57,2
63,75,0
990,67,2
1482,39,2
1055,65,5
1275,38,5
427,34,5
621,50,5
41,96,5
1112,43,5
439,77,0
627,47,0
424,53,0
187,100,1
97,90,2
1091,55,2
1477,82,2
1395,35,2
380,97,5
799,58,3
1507,83,5
434,69,4
1335,62,1
482,33,5
916,91,5
142,101,5
100,93,5
1338,71,5
752,39,3
753,93,3
500,85,3
522,50,3
1168,76,3
1167,63,2
659,68,4
993,40,4
1081,92,3
1167,76,4
1395,93,5
1120,81,5
350,64,4
654,49,4
73,37,4
198,93,4
447,98,3
1393,80,3
394,65,3
32,54,3
200,35,5
714,76,5
961,91,5
1337,94,2
820,61,2
878,33,1
866,92,2
493,85,5
537,56,1
445,65,3
1459,101,3
500,32,5
710,53,5
184,79,5
313,56,4
767,81,4
1415,39,4
1115,69,4
889,91,3
388,58,3
863,87,3
126,90,4
1376,49,4
650,59,5
1346,83,2
960,54,2
129,87,2
1288,85,2
407,76,1
272,91,1
939,52,4
490,101,4
1459,50,4
389,88,3
112,34,3
193,66,3
1433,76,3
1072,69,3
292,47,4
1417,59,2
267,81,2
426,35,2
236,70,5
961,59,5
1221,71,4
777,74,4
1144,33,4
767,92,3
953,98,1
1093,68,0
554,59,0
1317,45,0
1359,37,0
1224,57,0
532,60,3
820,36,3
595,56,1
97,49,2
1139,36,2
137,58,2
1417,33,2
851,90,2
1430,86,2
1478,75,2
1339,53,3
357,37,4
428,53,4
315,82,4
1314,90,1
1436,34,4
421,33,0
1023,74,0
199,49,0
724,100,1
750,80,1
77,33,0
597,90,2
1427,33,2
1323,82,2
989,80,5
512,71,5
1138,38,3
27,84,3
583,95,3
878,75,4
663,41,0
366,44,0
1363,60,0
16,84,1
1395,51,4
4,34,4
868,79,4
1073,34,0
865,58,0
855,80,0
800,73,0
184,67,0
29,43,0
222,87,0
788,102,2
1033,71,3
197,97,3
1194,48,3
190,62,3
1374,102,3
650,86,3
736,66,3
558,91,3
1155,40,3
168,76,1
385,89,5
1518,95,5
1336,55,5
360,36,5
584,78,5
1513,49,3
430,92,3
1031,77,3
304,56,4
213,84,3
990,36,3
845,72,3
523,96,2
224,101,4
1257,50,0
1336,76,4
833,87,5
1306,93,5
1134,81,5
1404,38,5
1073,70,2
747,89,5
1275,35,5
618,73,5
1138,79,5
753,40,5
496,92,5
232,99,5
300,72,5
151,76,1
1471,80,1
522,83,1
311,97,5
1036,37,5
1009,62,5
1007,46,5
150,85,5
683,74,5
212,57,2
723,89,2
815,75,2
1333,56,4
163,81,4
313,37,2
559,66,1
426,59,1
168,72,1
952,50,1
1339,59,4
1455,74,5
521,83,5
17,43,5
663,43,5
1028,39,1
537,47,5
29,57,5
546,57,5
1086,101,4
1509,59,4
696,51,3
151,61,3
1012,100,3
889,64,1
144,40,1
752,68,4
866,53,4
1248,56,3
144,33,3
1447,91,3
385,91,5
1114,73,1
1390,79,0
1310,58,0
1333,99,4
1360,53,4
1508,83,4
532,55,4
969,54,4
1427,75,4
573,58,4
868,42,4
896,65,0
817,95,0
791,98,2
864,35,2
230,76,4
1420,75,4
214,83,4
1149,102,4
929,98,4
499,99,4
1420,90,4
241,57,4
1337,97,4
1044,79,4
1184,40,4
877,69,3
911,78,5
374,58,5
1462,58,5
24,61,2
67,38,0
69,43,0
309,75,5
548,70,5
1360,36,5
1159,40,2
832,50,0
1517,101,3
472,90,3
811,50,3
1304,49,3
751,79,0
153,100,3
752,81,3
380,93,2
964,47,4
1239,59,4
716,99,4
1243,98,4
531,98,3
863,79,1
248,71,1
939,50,0
421,67,2
185,102,2
1093,72,2
803,69,2
325,76,5
469,54,5
588,53,5
462,47,5
414,45,5
1,98,5
1281,86,0
65,72,5
636,48,5
112,79,5
989,88,4
913,79,1
199,91,1
969,72,1
337,95,1
1194,84,3
352,62,4
1155,86,4
914,98,5
811,40,5
404,56,5
1194,39,0
432,63,5
648,91,4
302,96,4
1474,48,1
1473,80,1
1040,77,1
869,100,1
115,56,2
750,33,2
642,45,2
1113,84,2
882,80,2
1351,65,2
1323,68,0
1054,62,5
1053,44,5
1459,89,5
212,32,3
1088,85,0
708,65,0
937,100,0
49,32,0
336,61,2
1314,54,1
744,75,1
1328,67,1
1004,35,1
1001,42,1
1345,74,1
216,51,1
1306,80,1
285,35,2
696,82,2
1376,89,2
385,55,1
1368,61,1
251,60,0
29,38,3
1384,91,3
138,66,4
1257,100,4
202,82,4
499,47,5
555,91,5
345,66,1
11,71,1
311,44,1
1407,65,1
1092,49,1
1471,84,1
1256,67,1
838,65,1
982,44,0
527,47,0
123,90,0
227,73,4
350,36,5
1482,83,5
635,54,3
612,69,3
348,92,3
685,74,2
220,35,3
134,73,0
101,35,5
989,87,3
168,84,3
1207,95,2
710,52,2
406,82,2
664,70,2
81,78,4
406,62,1
348,99,1
696,53,1
201,33,1
1202,42,1
573,35,1
57,58,2
151,90,3
641,90,3
735,68,3
35,33,4
157,46,4
1274,48,5
993,84,5
713,53,5
849,83,5
102,75,5
1194,67,3
1041,54,1
1499,56,2
619,38,4
1405,78,4
287,49,4
1333,62,0
445,50,4
342,64,4
1333,63,5
153,60,4
150,56,4
838,99,5
1361,84,5
648,94,5
751,44,2
112,91,2
321,92,2
1484,72,2
181,99,2
1037,68,1
696,39,1
612,66,1
1018,87,1
861,73,1
30,67,4
1176,98,4
1399,66,4
1282,89,4
427,93,4
65,78,5
490,72,5
432,33,0
766,60,0
1258,47,0
540,90,0
482,56,0
366,88,0
716,66,2
866,96,2
559,57,2
194,64,3
1459,39,3
621,58,3
639,36,1
406,69,4
214,99,4
892,70,0
1160,77,0
1482,98,0
964,68,0
1075,102,4
874,93,4
722,89,4
351,52,2
722,68,0
921,74,0
171,48,0
710,91,0
1194,64,1
1348,66,0
574,71,3
171,81,3
1336,91,4
1164,73,4
47,57,2
737,85,4
795,35,4
54,61,5
960,46,1
815,38,1
539,92,1
428,90,0
953,80,3
920,33,3
621,88,3
1391,34,4
287,67,4
1029,92,2
579,51,2
607,83,2
199,45,2
320,68,2
800,82,1
255,44,0
695,88,0
250,72,0
1319,58,5
791,50,2
630,90,1
714,86,5
1164,56,3
185,99,3
321,63,3
1159,39,1
462,50,1
1212,51,1
461,50,5
698,92,4
1078,100,4
327,55,4
151,73,4
1039,65,4
179,72,3
1028,100,3
1227,62,5
1072,85,5
123,63,0
844,102,4
916,33,3
1431,53,5
123,76,5
421,38,5
767,56,1
929,60,4
406,66,4
742,84,4
1181,46,4
1029,99,4
7,72,4
112,60,4
1460,95,4
1312,61,4
1483,58,0
21,98,3
1424,57,3
1407,41,3
619,90,3
156,69,3
1476,39,3
1281,36,3
343,80,3
588,33,2
1176,84,2
554,35,2
1001,51,2
940,76,0
866,48,5
1159,51,1
207,33,1
1087,34,1
639,50,0
1256,102,1
1157,76,5
1275,92,5
1113,89,5
27,66,5
343,57,5
552,55,5
1037,102,1
1384,89,1
552,38,3
1496,79,5
665,62,5
489,80,5
178,77,5
315,90,1
895,72,1
1465,60,1
490,41,2
16,90,2
304,82,5
505,37,5
1029,82,5
1371,63,5
868,102,5
99,40,5
933,71,5
1039,101,5
1212,41,5
1088,73,5
414,84,5
1034,33,5
369,36,3
216,57,5
833,78,3
708,68,1
1146,75,1
1082,62,0
1363,56,0
877,76,2
456,61,0
65,77,2
122,83,2
1478,68,2
2,71,1
892,95,1
445,76,1
777,68,1
582,40,1
1020,91,3
583,65,3
1162,102,3
1405,84,3
565,36,3
8,101,3
980,68,4
986,101,5
799,72,5
1069,88,4
1455,102,4
1160,101,4
1457,80,2
54,94,2
185,57,2
959,52,4
1390,53,4
432,86,4
1478,41,2
267,67,2
1424,42,2
880,87,2
527,94,2
556,66,2
1028,102,2
499,83,2
1168,88,2
281,53,2
273,45,4
1227,66,4
142,87,0
1041,85,3
460,93,5
817,44,2
289,68,2
1018,50,0
1118,41,0
1086,81,3
267,49,3
1474,73,3
23,94,3
1520,96,4
293,101,4
263,44,4
1381,32,4
466,62,4
1105,90,4
1007,99,3
896,73,4
239,100,4
163,88,4
1037,72,4
216,74,5
16,98,3
576,38,3
686,59,3
1133,91,0
176,60,0
1175,99,0
1039,44,0
227,68,0
1461,82,0
77,54,5
559,33,5
1154,63,5
554,71,5
936,82,5
731,90,4
469,66,4
13,100,4
383,57,4
1508,32,3
750,40,3
990,43,3
639,52,3
716,80,1
1345,93,0
1146,63,4
573,42,0
1011,60,5
708,67,0
1351,82,0
445,53,1
522,74,4
690,56,1
844,33,1
294,62,1
1260,58,0
1410,73,0
438,98,0
911,89,3
751,52,1
670,55,2
119,89,4
1219,84,4
1115,88,4
394,35,4
3,50,4
19,54,4
460,83,4
1112,61,4
974,33,2
424,36,2
539,61,2
654,75,2
744,66,2
876,93,4
50,76,5
1212,89,4
121,100,5
750,46,0
635,52,0
102,41,0
1281,57,3
1009,44,3
800,33,3
1235,88,1
200,93,1
761,58,3
1069,59,3
1224,89,3
1464,68,3
1448,53,3
436,87,2
1244,62,5
1328,42,3
199,64,3
654,36,3
690,60,4
216,54,1
293,35,1
3,49,4
700,86,1
441,43,0
1210,68,0
1333,44,1
1031,68,1
710,56,0
1040,63,3
1483,49,2
787,74,1
482,54,1
834,71,5
1037,89,2
207,102,0
677,95,2
1432,91,1
1029,91,1
441,38,1
761,100,4
1420,65,4
451,101,2
436,72,3
61,37,3
878,32,1
360,62,5
645,76,4
1148,58,0
1455,47,0
803,75,0
1453,78,5
222,93,5
1203,43,4
461,55,4
520,58,4
169,42,0
1408,77,0
1463,86,2
1276,50,3
1081,49,4
1513,57,0
645,37,0
606,36,3
520,55,3
663,47,3
308,76,3
1462,44,3
213,68,3
1018,92,5
663,36,0
708,37,0
1154,56,0
1518,83,0
244,99,4
665,35,0
216,46,0
1219,48,5
960,61,5
1456,83,5
683,42,5
84,65,5
449,75,0
104,48,2
1435,37,2
1457,73,3
845,50,2
58,79,2
1338,99,2
742,40,2
626,74,2
447,56,3
731,32,1
206,85,2
1190,82,1
496,58,1
762,61,1
734,52,2
331,71,4
777,52,4
819,83,4
1521,43,2
184,101,1
148,83,1
4,49,0
925,97,5
932,39,5
963,45,5
582,88,2
940,96,2
212,82,1
819,76,1
456,39,0
978,102,0
1155,69,4
1133,61,4
352,101,4
111,101,2
335,58,3
540,68,3
1100,95,3
83,79,1
143,82,2
642,89,2
1049,32,5
1317,77,5
1,52,5
806,32,3
1054,75,4
332,55,0
1399,69,0
606,88,0
1417,99,0
1075,85,5
104,85,1
1182,87,0
607,72,0
134,91,0
147,57,0
171,102,0
195,90,4
1031,98,4
667,78,0
984,79,0
1306,51,0
964,89,4
1452,33,4
1,74,4
394,99,4
619,84,4
1267,56,2
679,46,2
855,53,2
556,76,2
1511,84,2
849,86,2
1092,56,4
635,82,4
762,89,0
142,54,1
30,76,4
263,96,1
538,44,2
688,100,0
462,41,5
295,72,3
1181,76,1
809,50,1
21,90,1
603,87,3
490,33,2
201,36,4
531,60,4
1243,78,4
527,85,5
35,52,5
777,59,5
803,33,5
342,46,5
646,55,5
646,51,5
1165,68,5
293,85,5
37,92,1
156,100,1
450,74,1
1313,89,1
750,77,1
385,90,1
1130,71,5
462,74,1
345,91,2
1507,96,2
720,101,2
334,90,2
923,93,4
75,50,4
1,39,4
153,47,5
536,82,5
32,98,5
952,38,2
1467,65,4
1495,62,5
590,71,4
728,69,2
943,68,5
216,87,5
1034,66,2
664,97,2
823,57,2
483,64,2
1087,33,3
595,83,3
202,48,3
710,49,1
1041,78,0
849,100,2
918,91,2
227,52,2
100,42,4
1464,38,2
1157,35,2
583,42,2
493,89,2
1483,67,0
586,79,5
911,83,5
1112,54,2
690,35,2
1009,79,0
1516,71,4
1221,47,3
382,64,3
767,53,2
168,93,2
849,80,2
450,97,2
893,69,2
472,36,4
483,52,4
1203,99,4
1511,33,4
843,69,4
1520,61,4
964,44,4
788,73,4
1241,82,4
355,98,4
1128,62,0
803,102,3
1142,35,5
515,87,5
201,32,2
222,84,3
556,82,3
1379,94,3
1010,35,3
769,51,4
1101,82,4
1347,95,4
896,52,4
874,96,4
332,61,3
679,51,3
294,36,3
23,39,1
1196,88,1
1168,45,1
521,60,1
483,38,1
1139,62,3
204,33,3
1176,83,3
1132,48,3
1111,41,3
733,53,3
627,66,0
356,80,5
519,46,0
216,58,0
1082,74,0
111,83,0
1196,99,3
224,53,3
1148,100,3
496,51,3
1425,46,5
641,68,5
531,38,4
136,47,4
194,55,1
747,44,4
447,81,0
1404,92,1
833,82,1
1124,96,4
500,40,4
197,70,4
1157,42,4
1467,70,1
325,40,1
456,83,3
555,33,3
250,46,3
1203,60,5
1080,37,5
1084,82,2
654,56,2
761,50,2
1055,82,2
1418,102,2
1275,90,2
929,57,2
566,63,5
190,94,5
1146,76,2
1304,73,2
455,93,2
307,35,5
931,73,5
1,62,1
744,81,2
275,94,2
641,55,3
496,65,3
1259,62,4
639,90,4
734,62,4
445,83,5
214,77,5
1230,67,5
1275,93,5
424,42,3
641,65,4
1283,60,4
1376,45,4
1281,47,4
1276,56,0
415,44,0
1370,80,2
1112,96,2
735,80,2
788,62,0
683,57,4
1178,94,1
687,101,1
1519,63,2
289,32,2
318,72,1
659,69,1
1069,93,1
1329,53,3
415,33,0
722,33,2
654,59,2
1078,65,4
1075,91,4
636,71,5
626,99,5
473,47,5
441,65,5
11,88,2
257,78,2
823,38,5
1399,95,5
559,36,5
968,32,5
641,33,5
1162,39,0
709,71,0
460,49,5
1028,48,5
573,102,5
138,84,1
121,81,0
1339,69,3
57,60,3
1243,57,4
1276,81,2
1154,58,2
670,102,0
648,61,0
187,54,0
876,99,0
307,71,3
736,92,1
1212,32,1
724,34,1
360,65,1
1044,39,1
148,62,2
1395,75,2
490,84,1
931,54,1
1010,96,1
952,75,4
473,52,1
32,70,0
230,46,0
1444,46,0
1218,32,5
1424,39,0
78,76,0
638,51,3
133,90,3
685,56,3
1361,44,3
544,93,1
443,36,5
890,71,2
1128,85,2
68,50,2
1074,96,2
710,55,2
579,78,5
851,32,4
677,49,4
1337,93,5
368,46,5
720,66,2
656,52,2
843,91,2
1478,33,2
336,90,1
1162,60,1
383,79,5
62,68,2
101,54,1
585,97,5
763,70,5
99,78,0
956,32,0
1258,98,0
1130,81,0
588,61,0
232,66,0
535,50,3
241,68,3
604,91,3
519,76,3
1516,68,3
144,59,3
927,53,3
1401,80,0
152,74,4
1337,86,4
1407,87,5
302,73,2
1052,58,4
618,48,4
1102,53,5
1339,75,5
315,97,1
148,38,1
441,69,2
920,65,2
1082,85,0
735,90,3
1323,97,1
222,32,1
366,82,1
747,34,2
1517,81,2
300,79,2
795,49,4
483,55,4
753,75,5
1210,79,5
956,73,5
930,39,5
1376,84,5
1087,44,3
496,69,3
439,66,4
937,95,5
735,38,4
1513,70,4
337,33,4
253,99,2
99,66,2
866,70,1
173,54,5
216,37,0
1317,62,0
559,90,0
1084,50,0
766,65,0
298,32,3
195,47,3
1297,47,0
14,55,1
975,69,0
1376,98,0
544,67,0
493,79,4
639,91,3
864,102,0
129,70,1
373,63,1
1134,41,1
1274,55,5
1278,62,3
1335,68,5
731,69,5
277,71,5
57,53,4
608,95,4
928,33,4
1248,81,1
901,63,1
187,95,1
500,37,1
1507,80,4
1288,52,3
21,97,2
1509,54,2
683,64,5
241,98,3
1317,67,3
1244,94,5
394,88,2
1507,57,2
1306,78,2
1033,55,2
1142,94,2
913,67,2
923,98,2
1004,85,2
451,84,2
1074,46,2
1516,44,5
1069,40,5
747,37,2
35,34,3
17,41,1
298,102,1
507,44,1
1103,47,1
1160,89,1
218,92,1
1479,80,5
788,55,4
989,86,4
1258,86,2
1520,62,2
244,81,2
84,42,2
921,84,5
748,50,1
751,68,1
293,45,4
1479,52,4
1317,53,1
29,80,1
531,66,1
844,48,1
1065,91,1
627,50,3
607,45,3
193,50,3
800,57,3
202,32,1
302,68,5
3,96,5
1448,66,5
1248,94,4
1467,77,4
1372,62,1
1018,48,3
1052,45,3
356,55,3
893,98,2
405,57,2
750,79,2
198,39,2
1474,77,3
3,63,3
102,53,2
1131,84,2
83,50,4
1440,66,5
383,83,5
1068,45,5
315,36,5
895,40,5
184,73,5
963,52,5
493,36,3
650,89,3
761,86,1
1474,72,4
301,88,4
368,52,0
427,47,3
406,51,3
923,50,3
1028,38,1
7,83,1
889,87,1
1173,45,1
968,69,1
1267,60,1
1488,58,1
1140,86,1
984,52,1
1495,44,4
1495,102,3
638,92,3
415,40,0
1435,66,0
1182,83,0
608,98,3
230,101,1
1304,96,1
1520,34,1
688,63,1
332,82,3
1319,80,3
1370,42,3
106,65,1
629,63,5
696,93,2
648,80,2
753,84,2
250,81,5
1156,68,2
482,86,2
224,60,0
964,81,1
1517,95,2
473,92,1
3,46,0
748,44,0
948,85,4
923,47,4
700,94,4
557,91,1
1052,48,1
1362,100,1
701,52,3
1155,100,3
618,40,1
665,88,5
315,33,1
1154,67,0
863,76,1
654,84,2
621,45,3
861,97,3
239,74,2
318,43,2
1449,53,2
57,38,2
1447,57,2
747,72,4
557,55,5
1452,45,5
616,74,5
341,36,5
1337,36,5
964,43,3
806,64,3
1275,39,3
1131,43,1
901,44,4
125,74,3
1040,81,3
1500,42,3
207,60,3
1386,76,4
1499,94,4
558,74,4
496,33,2
618,98,1
930,47,1
734,73,5
1518,101,0
144,85,0
425,94,0
698,73,0
206,60,3
243,46,4
1165,93,1
1274,57,1
874,77,3
1513,100,5
1292,97,5
1106,75,5
1144,38,4
1205,99,0
1508,73,4
351,60,4
1001,69,4
336,67,4
450,41,2
521,76,3
343,95,5
819,40,5
1508,46,4
250,80,1
1142,73,1
586,78,0
460,87,5
873,54,5
1518,98,5
540,45,4
1304,46,4
1435,97,2
1107,75,2
911,90,2
197,76,2
1455,86,2
1203,81,4
797,90,1
1371,44,1
1381,85,1
765,90,1
687,53,1
1258,88,4
1430,47,4
578,62,4
584,84,4
404,41,4
1519,78,4
959,86,4
1172,32,4
762,93,0
115,93,2
332,64,0
1363,99,0
337,51,4
1313,32,4
1404,42,1
645,43,1
623,79,1
1111,71,1
533,56,2
103,83,2
937,57,2
969,92,2
220,77,2
695,64,2
358,86,2
1210,47,2
1028,62,1
1162,67,1
791,48,0
850,51,0
890,32,0
748,34,0
1052,34,2
866,35,2
253,79,2
248,80,5
639,86,4
791,73,4
1405,90,4
621,38,0
736,79,0
948,39,0
986,87,1
1099,80,3
933,100,3
1347,69,3
636,90,5
414,73,3
670,58,0
552,94,0
163,67,0
607,100,0
451,38,0
784,75,1
373,48,5
695,85,5
272,80,5
1416,44,5
814,36,5
576,58,1
558,89,1
103,61,1
1430,84,1
343,67,1
13,32,4
1043,86,4
701,62,2
1224,70,2
608,46,4
1298,39,4
1378,87,3
317,88,5
845,44,5
1034,41,5
1294,73,5
1521,86,5
1468,59,5
1244,54,1
1012,83,1
456,48,2
686,91,2
308,90,2
287,46,5
667,49,0
230,67,5
863,102,3
544,51,3
939,68,3
943,75,3
1294,35,5
1243,75,5
911,73,5
435,33,5
868,51,0
557,78,1
320,33,1
695,46,1
659,55,0
931,87,0
527,48,0
1248,50,0
1049,40,1
59,57,3
1319,67,3
932,54,3
1460,71,4
236,43,4
1196,62,5
1329,35,3
544,88,3
1203,54,3
1298,54,3
968,36,0
59,41,0
1347,47,4
1444,98,4
1347,58,2
356,38,1
1163,41,1
1153,96,1
1043,71,5
435,69,4
877,45,4
552,47,4
407,57,1
1156,61,1
472,97,0
1160,32,0
1004,53,0
281,83,0
1371,51,1
880,74,1
766,72,4
1239,96,2
1092,85,0
3,84,0
914,43,5
308,38,5
931,94,5
731,85,5
1311,59,2
112,52,3
1477,35,3
1114,51,3
752,90,3
307,95,0
456,84,0
1144,58,1
1249,32,1
978,77,1
1464,64,1
1168,91,1
802,70,3
213,57,3
1444,53,5
830,92,5
806,57,5
616,53,5
576,78,5
93,95,4
1031,86,1
126,91,1
629,53,1
1190,63,1
1461,101,2
32,37,5
849,37,5
928,35,5
321,96,4
943,34,1
803,86,1
687,82,2
1334,102,2
21,71,2
619,55,3
595,54,5
590,51,4
356,66,4
1521,100,4
982,99,2
1455,52,2
1520,73,4
1407,68,4
670,49,3
1381,99,3
409,55,3
1093,62,2
388,56,2
449,62,0
388,95,5
586,83,5
1163,53,1
1401,79,1
1249,81,1
1144,75,5
1520,65,1
690,67,0
4,65,0
548,57,0
58,37,0
923,80,4
496,64,4
1104,48,4
161,34,3
751,41,3
136,66,0
1378,79,5
1386,35,5
1114,90,5
696,63,4
809,74,2
68,45,2
1319,87,2
302,48,2
1372,81,4
148,52,1
716,85,5
1391,71,5
3,71,1
959,51,1
30,92,2
1424,84,4
1243,95,2
566,80,2
539,60,0
1134,35,0
1037,46,0
570,47,5
742,73,2
1382,100,4
564,88,4
570,50,4
201,91,1
1194,54,1
1465,89,0
1206,100,0
1086,96,0
385,100,0
650,65,3
1291,33,4
1111,44,4
1264,90,3
97,67,3
803,79,0
1107,46,2
588,87,2
1348,39,2
201,34,2
922,55,2
1039,58,2
1212,45,2
496,59,5
1065,48,4
573,95,3
1424,44,0
263,83,0
351,67,0
570,41,0
1067,49,4
267,40,4
1120,79,4
373,98,4
892,58,5
257,42,3
1415,33,3
1162,36,0
919,64,2
989,81,4
1078,82,4
629,69,4
1256,39,4
173,45,1
192,92,3
255,37,1
1080,86,0
426,94,1
510,55,1
1001,50,1
850,44,1
537,100,1
906,74,1
441,59,1
916,70,3
1059,83,3
462,36,1
424,55,1
179,67,1
102,72,1
1027,94,2
765,65,2
950,96,3
151,91,3
736,51,3
890,70,3
930,100,2
578,54,3
1037,94,0
1482,55,0
833,68,4
27,96,1
173,57,1
1222,32,1
704,82,2
193,33,2
748,93,2
163,42,4
573,74,4
1508,51,4
255,32,4
200,52,2
105,56,2
1084,78,4
792,57,3
991,45,5
1132,82,1
1272,63,1
243,90,1
281,42,1
383,62,1
1101,93,1
50,64,1
493,32,5
382,33,5
1272,59,5
918,47,5
1202,79,4
169,93,4
1176,45,2
1212,82,2
1009,64,2
100,46,2
570,72,0
21,59,0
1431,101,0
1114,52,0
914,80,0
308,35,3
1164,53,3
1333,32,3
760,98,0
885,93,0
129,81,0
621,101,1
1510,72,4
799,37,4
1412,61,4
1139,88,4
980,35,4
357,70,1
1386,95,1
1155,79,5
1065,93,1
475,87,0
865,66,0
341,40,4
1390,89,2
636,35,2
696,37,5
35,96,5
1360,93,3
424,62,3
1258,61,3
198,73,3
753,64,3
659,65,0
461,71,2
64,84,2
1447,70,2
1298,63,5
1391,65,0
963,62,1
1483,33,4
300,93,4
1517,59,4
936,69,4
830,57,4
948,87,4
1251,86,5
887,68,0
737,58,3
1337,81,3
685,34,3
736,76,4
1499,80,4
1372,51,1
245,32,1
435,93,5
184,96,5
750,35,5
173,73,5
724,75,5
896,68,5
382,82,5
1220,85,5
761,54,5
277,84,5
823,56,5
1455,99,3
1266,91,5
301,62,3
1126,72,5
1044,100,5
1239,51,5
292,48,4
665,72,4
1352,83,4
467,41,4
990,93,1
1082,100,5
1072,82,3
925,74,4
521,33,4
736,81,4
565,51,0
1371,62,0
489,95,0
1495,46,0
173,58,0
315,78,4
1020,101,2
156,97,5
1187,35,3
1009,55,5
936,40,3
1082,49,3
1418,44,2
1461,50,5
294,32,5
1292,82,1
683,37,1
1156,83,3
642,91,3
1206,64,5
499,73,5
565,85,2
597,70,2
115,94,2
1075,92,2
744,45,2
555,64,2
49,95,5
1163,86,5
7,96,0
1518,92,4
918,81,3
728,70,5
933,50,5
456,41,5
748,39,5
519,51,4
451,98,4
461,53,3
937,73,3
1206,44,3
532,51,3
17,79,3
899,55,2
382,48,2
277,36,2
59,78,0
1379,32,1
734,68,1
834,84,1
635,49,1
1449,50,0
1107,33,1
1044,66,4
751,95,4
3,102,0
1073,80,4
47,97,0
273,55,0
1100,43,0
1488,101,0
1294,69,0
576,65,0
224,33,0
921,99,0
1115,56,2
290,97,3
486,66,2
7,102,5
59,60,5
1157,78,5
877,42,5
1181,72,1
1020,83,1
1101,78,1
173,32,1
68,75,1
646,68,1
1072,73,0
512,62,0
87,64,0
555,62,0
1294,71,0
1395,32,0
763,57,0
1401,38,0
1453,42,1
277,82,4
594,36,4
141,78,4
1149,44,4
41,63,4
1107,81,1
838,38,1
722,63,2
287,38,2
345,84,1
427,61,1
1362,79,1
14,54,0
1359,34,1
348,56,1
841,86,1
1348,55,2
820,47,2
627,42,3
1260,69,3
546,60,3
1248,77,3
1378,80,3
1465,39,4
1243,55,4
8,35,4
181,71,4
559,60,4
1368,86,4
200,49,4
1427,98,5
761,57,1
373,49,1
1395,58,4
1288,69,2
1219,87,2
65,74,1
838,53,1
194,78,5
1264,93,5
1491,43,5
1244,90,5
1474,50,0
803,54,0
980,85,1
1028,49,1
499,41,1
1348,98,1
1258,87,0
435,102,0
1463,83,0
630,72,0
358,33,0
576,82,3
1134,47,3
1420,89,0
428,65,2
122,44,1
1519,39,2
582,47,2
800,47,2
1191,36,3
1291,67,3
802,34,4
919,71,4
394,68,4
800,75,3
618,87,1
950,92,1
1447,64,1
959,64,2
993,48,2
325,42,1
200,84,1
1461,71,1
677,101,5
1069,32,2
343,51,2
198,84,2
1218,41,2
1040,46,2
763,44,3
604,51,3
889,46,3
603,64,3
535,51,3
1257,64,0
199,51,0
986,90,4
1370,73,4
1226,74,4
1476,71,4
1446,39,4
1457,82,4
736,71,1
621,34,4
989,89,4
447,52,0
450,85,5
901,43,5
37,33,5
1078,58,4
1381,98,4
830,68,4
483,81,4
799,82,4
1057,97,2
579,85,2
650,54,2
868,43,2
489,41,5
880,37,5
1210,90,5
222,101,5
173,55,5
566,92,4
1009,86,1
115,45,2
838,36,4
295,77,2
105,35,3
1087,91,0
1222,50,2
595,36,2
16,37,2
874,64,3
250,65,3
638,54,3
1429,88,2
1455,71,4
1081,97,4
1249,60,4
1181,87,4
1001,86,3
608,62,5
202,83,5
889,54,5
8,34,5
1207,94,5
187,90,5
792,54,0
656,62,4
573,84,4
1449,48,4
292,76,4
1456,35,4
19,58,0
532,96,0
558,59,3
197,77,3
369,74,3
635,36,3
704,62,2
178,47,5
638,78,4
666,67,2
1259,81,2
791,97,2
455,45,1
1281,62,3
277,59,4
180,95,4
533,90,5
1288,40,5
1104,55,5
1432,45,5
473,60,3
931,95,3
1260,46,3
302,66,3
1154,35,3
880,41,0
499,45,0
890,45,0
607,41,0
1465,100,0
1468,58,0
1187,59,0
264,38,0
1104,66,0
168,98,1
126,62,0
648,82,2
176,47,2
1457,96,2
1401,99,5
802,77,1
830,81,1
510,94,5
1137,46,0
1130,94,0
1519,60,1
469,37,0
462,80,4
809,73,4
1467,45,3
350,101,3
293,90,3
212,38,3
1234,82,3
731,49,1
736,94,5
1328,56,5
597,66,5
595,72,5
275,58,0
248,61,0
887,70,2
504,77,0
558,95,0
394,47,5
791,51,3
341,79,3
1172,62,2
1086,75,0
472,68,4
119,47,2
515,44,2
937,86,2
918,65,5
483,91,5
1190,58,5
1086,42,5
735,47,2
586,46,4
991,76,4
475,46,4
1172,50,4
845,76,5
65,71,2
1082,63,2
1496,46,2
1345,38,2
17,48,2
874,32,5
1139,48,3
19,38,2
641,86,5
64,77,5
841,69,5
953,71,4
984,77,4
150,67,2
190,92,4
425,33,3
129,86,4
708,35,4
1122,72,4
245,74,4
134,63,4
331,33,1
679,81,1
1404,91,1
425,77,2
294,77,2
523,82,5
489,70,4
1194,59,4
212,98,3
489,96,5
1153,68,1
1304,87,3
272,77,1
999,49,1
604,37,0
1138,83,0
1121,78,0
584,101,5
1488,51,5
1092,59,5
1257,35,1
664,73,1
584,86,1
464,69,1
827,87,3
882,81,3
232,78,3
373,99,5
1243,47,4
629,60,4
1010,74,1
150,71,2
91,77,2
264,53,2
557,52,2
1496,40,2
895,68,1
87,90,1
136,35,1
24,55,1
1323,83,1
1378,102,4
574,98,4
698,99,4
792,60,4
1052,96,4
1065,46,2
264,42,2
993,58,1
1111,69,2
636,97,1
1018,32,1
1160,59,2
646,60,5
792,78,0
1429,33,0
112,73,0
1427,78,0
358,57,3
472,83,3
683,44,1
93,58,1
1149,74,1
701,79,1
1449,90,1
817,41,1
582,43,5
325,101,3
449,60,4
1049,46,0
914,74,0
872,46,4
1381,55,4
724,66,0
1379,98,0
752,89,2
220,90,5
537,90,5
838,66,5
157,57,5
1249,63,1
456,81,4
639,44,5
199,55,5
154,56,5
304,65,2
521,32,4
244,58,4
358,53,1
1256,97,1
87,85,1
1080,88,2
1122,65,2
754,94,2
207,92,5
7,100,5
1102,100,0
1408,62,1
1281,67,1
1416,46,3
1474,35,3
1384,58,5
1202,50,5
2,35,0
930,54,4
1372,60,4
1429,37,4
1131,82,4
427,62,4
3,93,4
892,87,5
435,74,5
1462,79,5
1507,82,5
1049,73,5
409,39,3
1479,88,2
1334,60,2
460,61,4
948,91,2
700,79,2
1244,44,2
320,83,2
307,82,2
922,72,3
1334,86,4
100,89,4
489,67,3
308,88,3
520,83,3
63,54,3
100,65,1
586,41,1
137,80,1
849,61,5
1267,102,4
450,93,2
1519,88,2
1221,85,2
1260,44,2
787,54,3
1452,32,3
1424,35,1
106,50,1
357,48,1
950,97,5
1244,40,0
1433,47,0
523,52,0
1123,35,2
409,43,2
765,81,2
93,79,5
204,71,4
1001,37,3
957,58,3
646,57,3
1221,98,0
341,53,0
1429,53,2
627,54,1
1520,69,1
251,51,1
264,57,4
436,60,4
1374,58,0
154,89,2
1360,75,0
144,78,1
1190,75,1
920,96,1
1029,48,1
193,69,4
607,74,4
442,75,3
645,96,1
1408,63,1
1226,52,5
318,78,3
1483,68,2
555,35,2
931,45,2
1500,35,2
251,88,1
646,85,5
1033,79,0
629,102,3
289,90,3
277,41,2
754,86,2
1087,89,1
536,42,3
767,78,0
1464,61,0
464,42,3
803,65,3
980,89,3
241,82,2
1430,51,2
968,60,2
1495,32,3
688,76,3
1054,98,2
441,72,2
687,89,2
799,74,2
1123,45,2
1276,34,0
832,38,3
654,52,3
1053,64,3
1018,74,2
787,82,2
1127,76,5
461,63,5
1435,88,4
696,68,4
1508,96,4
1359,85,4
713,39,5
578,51,5
101,76,2
679,41,2
875,61,2
664,98,2
665,42,2
667,47,5
834,98,5
896,50,5
931,90,2
1081,73,5
565,82,5
892,90,1
1269,67,4
193,65,4
1011,37,3
791,92,0
241,45,0
190,37,0
1004,46,1
1461,53,1
627,78,4
1467,89,4
941,99,5
64,73,5
489,68,5
880,86,5
1368,85,5
1370,96,5
1460,55,5
100,64,3
1500,57,2
292,64,0
830,43,0
1418,57,0
595,76,2
868,48,2
583,45,2
14,46,1
275,60,1
1408,90,4
564,78,4
1379,101,0
1444,32,0
1408,74,0
989,58,0
921,37,3
627,59,4
7,81,5
827,72,5
1091,49,0
1065,86,5
1460,63,2
1105,69,5
1156,59,4
993,39,5
373,32,5
500,95,5
272,84,5
737,45,3
469,89,3
629,55,3
889,95,3
1191,83,1
1011,72,1
105,94,2
1479,99,2
451,67,2
1511,54,3
1091,41,3
861,48,3
539,79,3
752,92,4
665,77,4
752,48,4
327,77,4
171,54,1
893,68,5
969,83,5
255,47,5
510,61,5
1408,87,4
1190,95,3
1258,33,3
811,58,3
1153,85,3
1477,55,0
447,91,0
555,58,0
664,37,0
245,63,1
19,96,4
704,37,4
1130,35,4
289,51,0
1127,91,0
838,58,0
157,71,2
272,99,1
301,58,4
1467,55,2
475,83,2
1146,96,4
1348,81,4
14,86,4
999,71,2
686,33,2
654,80,2
850,93,3
152,76,3
473,73,3
1448,33,4
1104,87,4
767,49,4
360,86,4
803,71,4
952,85,0
99,80,0
570,37,5
710,63,3
663,78,2
136,51,5
27,68,5
248,34,0
728,83,3
875,59,2
331,58,2
1491,101,0
439,101,2
1104,100,2
1134,92,4
1483,61,4
1339,43,3
817,67,3
453,59,3
557,34,0
449,67,2
873,74,1
1227,89,5
358,62,5
724,85,4
1446,51,4
1457,76,0
1346,96,0
899,63,3
1004,99,3
1496,97,3
969,93,4
1334,78,4
1184,50,4
405,75,1
415,36,4
806,52,4
148,101,1
1257,66,5
959,99,5
531,73,1
1146,42,2
1306,92,0
447,68,0
1382,52,0
608,57,0
373,76,0
833,72,0
1323,51,0
1304,36,4
841,91,4
58,91,4
646,88,4
532,79,5
1140,44,1
1160,56,3
244,52,3
499,46,5
750,97,5
179,57,3
767,75,3
469,51,1
928,49,1
624,71,1
1256,74,1
666,94,2
1384,65,2
67,71,5
1329,78,5
1292,45,3
1352,102,3
289,54,2
943,84,3
911,43,3
232,53,3
1007,76,3
986,51,3
84,34,0
1517,65,4
1039,51,4
656,90,4
551,61,4
213,85,4
1111,68,2
1086,40,2
100,87,2
281,51,2
1043,51,2
885,51,2
536,70,2
686,50,2
193,48,2
414,32,5
452,92,5
505,91,5
394,52,5
1359,75,5
1415,42,3
913,75,3
425,51,3
421,102,4
1031,70,4
206,86,1
255,52,1
1267,48,1
930,70,3
1074,94,3
1264,85,3
236,50,1
787,47,1
119,91,1
1369,49,2
760,101,4
1057,90,3
1122,43,5
535,60,5
1433,71,3
467,38,2
1363,101,4
1139,94,4
445,92,4
659,32,4
148,57,4
1156,38,3
475,88,3
700,75,3
865,88,3
961,40,3
889,88,3
248,74,3
523,34,4
991,56,3
1164,49,3
714,37,3
4,37,3
708,99,5
818,66,0
1121,41,0
1,46,0
119,87,0
1104,60,0
137,63,0
281,47,0
1149,93,0
1471,40,4
1477,43,4
337,62,3
102,55,3
59,63,1
187,37,1
37,51,1
604,89,1
358,101,1
1352,62,1
1306,57,1
1158,71,1
49,56,1
1410,74,1
317,80,2
788,94,1
69,50,0
941,82,0
220,50,0
100,57,0
368,61,3
1399,77,3
925,33,3
489,85,3
194,82,3
389,56,3
1086,34,3
245,79,3
405,84,3
1221,101,2
914,97,2
1029,36,2
263,32,2
614,101,0
1477,42,1
105,99,1
1352,85,1
777,41,4
607,71,4
1499,53,4
510,60,4
148,81,4
493,70,3
100,55,4
245,64,4
17,68,4
1203,33,4
113,79,4
277,101,4
927,56,0
168,52,0
1039,84,0
814,46,4
966,90,4
724,81,5
467,74,3
134,75,5
872,69,5
922,98,5
1348,84,5
731,73,2
623,42,3
809,89,3
301,59,3
437,80,3
1074,102,3
646,63,3
290,83,0
1464,37,2
864,94,0
1220,35,0
765,69,0
1226,56,2
803,52,2
436,58,2
570,64,2
87,77,0
168,86,1
1304,86,1
1043,80,1
1461,66,3
660,102,3
369,58,3
710,76,1
405,83,1
1368,100,1
342,95,1
1374,45,1
930,59,1
1218,97,1
1187,33,1
156,37,0
556,36,4
554,92,4
1339,93,5
1142,96,5
461,89,5
1473,41,5
434,61,1
1372,58,1
963,94,4
1267,97,3
1196,34,3
409,72,1
449,35,1
414,57,1
1448,63,1
236,46,1
1241,101,1
204,78,1
1328,60,1
710,77,1
882,62,2
590,82,1
121,86,5
248,43,3
559,95,3
1395,88,2
919,78,2
490,81,4
13,63,4
1130,80,4
1212,62,3
1483,48,3
129,56,3
1091,56,3
341,88,5
427,73,5
434,58,5
445,48,5
683,90,1
486,82,1
486,96,1
728,60,1
469,102,1
1488,91,1
1425,52,2
1230,50,2
956,102,2
956,99,4
421,92,4
1436,55,2
1374,37,2
200,102,2
345,101,4
1499,67,4
307,36,3
943,62,0
1359,102,0
927,40,5
989,56,5
750,62,5
7,89,5
505,64,5
1136,102,5
389,60,1
1244,73,1
437,102,1
520,48,3
1520,47,5
1482,33,4
253,42,4
698,61,4
536,49,4
187,62,4
7,80,5
1218,65,5
385,54,1
1379,71,1
307,100,2
327,43,2
489,86,2
77,34,2
1461,33,2
505,81,2
212,50,2
1449,56,2
1519,69,2
220,73,4
415,81,4
81,81,4
81,60,4
1347,75,4
1390,94,0
342,77,5
245,89,5
1370,91,5
308,65,5
1473,89,5
1034,50,5
251,70,5
1074,86,5
1484,88,5
490,49,2
767,87,4
1519,71,4
193,60,4
1168,65,4
1401,83,4
1288,77,4
313,99,4
1241,71,0
714,79,2
695,32,2
1260,45,2
1510,89,4
184,65,4
919,50,4
630,85,2
1369,44,4
320,49,4
742,35,4
1072,55,2
1275,53,2
1462,71,0
603,32,0
424,45,0
748,60,1
803,73,3
1093,51,3
1167,60,5
1363,78,3
257,34,3
1336,101,0
3,76,2
663,50,2
1473,101,2
539,83,2
1052,60,3
899,57,3
178,88,0
1416,94,0
546,58,3
695,75,3
595,66,2
520,46,1
941,40,1
81,35,0
532,63,1
1427,47,1
1405,102,1
482,64,1
121,44,2
714,60,2
701,90,2
243,51,5
863,83,1
320,93,1
629,66,1
1352,66,1
1427,48,1
222,69,1
1432,34,1
356,102,1
1257,86,3
627,89,3
202,64,0
838,81,0
368,67,0
405,35,0
1347,65,5
921,95,5
355,36,3
1410,78,3
548,43,3
991,64,0
1491,35,0
802,91,0
873,92,4
1348,32,4
212,56,4
1128,92,4
1510,41,4
184,77,2
1249,83,2
863,101,2
194,88,3
439,82,3
176,59,3
3,97,0
341,95,0
1087,99,0
1462,88,0
1440,62,0
309,57,1
16,74,4
490,36,4
1227,83,4
482,100,4
195,40,1
1304,99,1
1053,98,2
152,65,1
565,69,1
603,63,0
630,75,0
313,66,0
997,100,0
1336,34,3
1027,73,1
535,59,1
1513,50,1
737,49,2
989,75,5
1039,92,3
957,53,3
510,48,3
97,100,1
75,84,1
343,100,1
1496,51,1
986,43,1
986,66,0
2,66,0
855,43,5
421,64,5
1249,33,5
213,95,0
207,94,1
911,102,4
1152,98,1
1495,85,1
959,58,4
157,63,4
968,44,0
19,69,0
1396,50,3
267,39,3
1167,66,3
54,38,4
950,67,0
331,87,3
548,77,3
767,89,0
621,79,0
920,43,0
841,72,0
1065,92,0
1140,64,3
887,84,1
957,47,1
751,39,0
23,74,2
984,90,3
1430,82,3
490,61,3
843,73,1
990,83,1
1207,46,0
1167,78,0
733,51,5
214,90,0
1210,57,0
404,95,5
405,65,5
792,80,3
218,57,3
434,83,2
922,95,2
1182,80,2
963,72,3
1167,95,3
1463,89,3
1372,95,3
1052,80,3
206,36,3
434,56,5
754,52,5
1257,57,5
565,60,0
1106,81,0
974,62,3
841,100,5
73,59,5
1511,63,5
248,50,4
766,81,3
841,60,5
899,33,4
760,36,4
1146,102,4
980,78,4
806,45,4
1088,56,4
1509,76,4
664,51,0
1475,57,0
566,42,1
941,70,1
449,83,1
1314,51,1
466,35,3
493,60,3
251,68,3
674,52,1
595,44,1
685,67,1
1140,82,4
784,102,0
36,66,0
1075,50,4
1429,39,4
438,46,4
872,33,5
948,97,5
1115,32,4
574,54,4
3,101,5
646,53,3
1393,53,3
933,82,3
586,85,3
57,100,3
1055,79,3
1082,39,3
21,82,3
579,38,3
650,44,3
557,97,3
1127,87,1
216,73,1
14,94,1
64,52,1
469,52,1
940,39,5
1319,71,5
441,50,0
197,55,5
290,84,4
1099,84,2
1065,49,4
236,52,4
556,87,4
1159,55,4
959,60,4
980,84,4
64,83,4
152,36,4
1073,72,3
1513,87,0
1476,32,0
1124,63,0
467,39,0
1142,81,0
1162,87,4
968,62,4
882,56,4
1099,81,4
731,35,3
941,101,2
489,94,1
171,40,1
439,64,1
450,84,2
443,59,5
878,45,5
844,49,1
1133,38,4
224,68,4
434,66,4
1167,55,2
41,92,0
1335,77,0
557,35,0
75,63,4
101,32,4
1206,49,3
892,66,3
1009,63,3
1510,98,3
968,71,3
438,102,3
1477,63,1
285,36,4
292,59,5
1249,98,4
1160,99,1
1210,69,0
99,64,0
555,83,0
167,75,4
214,32,4
264,87,4
1111,102,4
1113,62,4
1395,77,3
1329,61,3
957,94,3
295,41,3
956,50,3
222,46,4
939,83,4
292,45,4
1362,69,4
1484,34,4
142,69,4
1136,100,4
167,46,1
521,78,1
461,35,1
1156,53,0
704,36,0
877,50,0
197,51,1
608,56,4
1444,91,1
887,62,1
520,41,2
302,85,1
764,51,1
616,85,1
1513,35,4
122,65,4
35,56,4
1329,83,2
540,77,5
1482,40,5
4,45,0
73,67,0
834,82,3
439,91,3
1369,92,1
176,41,2
1001,85,4
1465,75,5
991,35,5
1352,40,3
723,68,1
1329,101,3
1496,86,1
519,52,1
428,79,1
948,49,4
861,69,4
1430,79,4
683,65,1
1311,95,2
817,82,0
327,61,0
1243,73,0
814,51,2
27,77,2
819,54,3
1162,41,4
1465,82,4
583,43,4
1447,85,4
1031,35,4
1111,77,4
325,49,1
588,83,1
194,85,0
1159,75,1
1455,80,1
475,85,1
452,93,1
1037,81,1
453,45,1
1306,48,1
1059,66,1
762,79,3
1460,38,3
1084,61,4
16,69,0
414,71,3
345,69,3
607,90,3
1044,38,2
1123,87,1
1020,59,1
300,63,1
1297,36,1
358,93,4
650,71,4
21,76,5
1131,41,5
507,59,5
469,38,5
574,92,5
460,44,5
1123,54,4
1239,57,4
733,33,4
406,102,0
3,88,5
698,62,5
496,100,3
490,100,3
538,36,3
167,88,3
317,56,3
815,89,3
737,101,3
975,78,3
100,83,3
201,53,3
1114,39,3
1461,55,3
84,66,3
180,94,4
1467,95,4
1314,87,3
1044,34,4
763,47,4
1266,34,4
701,83,4
1372,66,0
1001,81,0
447,65,1
701,68,4
185,38,3
214,75,2
1425,34,1
1407,63,1
35,39,1
1149,42,1
1427,84,1
1167,73,1
1405,38,0
940,33,2
584,91,2
161,72,1
626,61,0
1132,36,5
100,74,5
855,87,5
181,68,3
415,35,3
679,48,3
626,54,3
851,69,3
685,101,3
1130,48,3
901,77,3
1447,83,3
1153,56,3
213,58,0
683,59,3
890,68,3
544,53,0
294,74,0
369,67,4
1118,68,4
1511,80,4
307,50,4
1314,82,4
87,42,4
1248,71,4
436,74,1
1429,66,3
787,88,3
369,85,3
1092,58,3
409,93,0
1507,74,1
986,88,3
304,85,3
1513,52,3
556,83,3
1288,64,0
1382,47,0
576,47,0
800,84,2
360,71,2
737,60,2
573,53,3
882,95,3
50,92,3
1072,67,3
877,85,5
1386,88,0
679,63,0
337,52,3
1351,70,3
1424,40,3
1519,42,0
272,32,5
639,67,2
522,94,1
63,39,2
424,54,4
1292,77,0
332,39,0
1312,71,0
119,35,4
624,90,4
251,87,4
588,88,4
532,49,1
504,89,1
683,73,1
464,54,5
483,33,5
819,95,5
1176,89,5
201,56,5
36,43,5
818,40,0
250,95,0
714,41,2
1239,90,5
11,92,0
1241,41,0
366,84,4
1396,52,4
1052,94,4
200,80,2
1496,65,4
893,45,4
1123,34,4
552,52,5
3,99,4
1257,39,4
342,53,4
1009,93,2
1137,34,2
243,102,2
17,47,2
335,60,4
799,86,4
923,53,0
892,46,3
1167,90,3
443,46,1
943,89,0
630,76,2
385,49,2
1369,34,0
761,32,1
536,58,1
342,49,1
1181,99,0
1381,81,5
61,36,2
1230,56,0
1148,96,1
1088,35,1
558,39,2
455,38,5
1258,50,5
943,64,5
1482,49,1
1093,65,2
716,57,0
255,69,0
121,41,0
1391,59,3
1244,81,5
767,95,3
1248,85,0
1256,72,0
544,52,0
1521,66,2
1084,64,0
751,73,0
1257,85,0
342,66,0
178,94,0
337,64,0
202,84,0
1513,53,3
1084,51,3
152,95,3
933,99,3
331,82,3
19,61,3
181,60,2
84,87,2
933,39,2
1368,47,4
832,102,5
1370,63,5
123,50,3
761,38,3
424,74,3
61,50,3
546,72,3
709,95,3
415,70,1
156,101,5
157,79,5
1122,35,2
850,90,2
809,87,1
1043,62,2
302,91,4
1033,85,4
929,34,5
624,87,5
1159,37,4
1244,93,4
704,84,3
294,91,3
192,66,3
1107,99,3
576,85,4
1386,41,4
241,87,3
1260,65,2
1269,102,1
11,75,1
1288,34,1
1007,98,1
1210,37,0
889,76,0
447,80,0
815,84,3
700,39,3
1510,36,4
388,67,5
103,80,5
1499,54,5
760,86,3
876,46,3
1227,85,2
239,101,5
1390,52,5
766,102,5
1033,40,5
683,84,5
1410,92,5
923,94,5
1127,90,5
404,68,4
761,53,4
913,37,4
87,53,4
1449,40,4
960,38,3
709,51,3
351,65,3
667,70,3
868,46,1
1448,82,1
748,97,5
1039,69,5
1168,83,3
989,95,3
483,102,4
1172,63,2
490,90,1
1043,46,1
1471,94,4
1052,42,3
1136,95,1
555,52,1
1468,67,1
1115,93,1
273,50,1
1444,73,1
1492,86,1
586,48,1
500,47,1
520,84,1
621,98,2
1386,100,2
1381,75,0
722,85,0
1124,40,4
99,37,4
818,70,2
990,40,2
36,59,2
690,93,0
578,69,4
121,37,1
906,52,1
806,88,1
49,34,2
65,41,2
30,40,2
1298,76,5
980,87,2
1115,43,2
467,76,2
13,76,0
239,91,0
232,36,1
594,48,5
1510,58,2
1040,45,2
686,43,2
374,94,2
928,32,2
990,50,2
1111,39,1
760,66,1
302,36,1
845,38,1
101,58,3
1319,76,3
289,58,2
424,101,3
1266,45,3
461,91,3
961,81,3
1521,74,3
533,84,3
731,101,0
404,65,0
868,92,0
931,84,3
811,32,2
141,96,2
59,91,2
1328,46,2
168,90,0
486,101,4
345,95,4
1276,93,5
635,32,2
1371,101,2
1087,55,2
293,51,2
769,41,2
1312,91,1
1348,53,1
868,83,1
861,50,1
720,87,1
579,44,2
1251,55,2
23,32,1
1127,94,4
765,39,3
1467,56,3
627,99,4
311,93,0
1479,51,0
515,58,0
899,62,1
1081,75,3
531,83,3
1205,49,4
1080,83,4
313,58,4
1081,36,4
548,78,2
185,37,1
97,73,1
1381,48,1
838,45,1
289,59,1
1274,73,1
564,85,2
1136,87,5
766,87,0
1220,51,0
21,70,3
1245,78,3
1227,40,3
57,85,1
17,84,2
570,80,2
861,38,2
1111,49,3
1086,65,1
964,79,2
1122,61,2
928,85,2
1449,87,0
760,81,0
896,100,3
430,62,1
1157,59,1
250,63,2
1137,58,2
475,75,5
1298,98,5
275,44,5
696,33,5
23,87,4
73,89,4
1453,82,1
1187,87,5
761,82,0
648,46,0
1153,37,4
639,61,2
1086,39,3
236,78,3
125,96,3
799,36,3
1144,96,3
532,91,0
763,91,0
978,39,2
1202,35,1
1112,71,3
929,41,3
194,68,5
239,65,5
1495,95,4
424,99,0
207,63,1
986,99,1
1410,85,1
948,38,1
245,56,1
1417,88,1
1249,40,0
799,67,1
1447,95,1
1371,47,1
294,54,1
435,38,1
1306,39,1
32,46,2
964,37,5
929,87,2
986,40,4
1078,49,4
126,44,4
1482,62,4
1431,73,2
388,44,1
748,42,0
181,65,0
91,68,5
927,34,5
432,54,5
512,90,3
213,50,1
624,66,4
1249,75,4
1278,95,0
200,87,0
153,85,5
493,38,0
4,81,0
1417,51,2
585,65,2
880,65,2
686,48,1
815,58,1
214,81,4
1243,82,4
576,53,4
64,88,2
744,43,1
960,83,1
163,54,1
763,101,3
102,47,3
885,77,3
733,70,3
1053,37,3
61,44,3
97,66,3
834,37,3
523,87,2
1283,99,2
1082,58,3
369,47,3
880,80,3
901,48,3
1312,73,4
519,64,4
667,99,4
1241,36,4
515,35,0
1138,60,0
956,63,1
1425,98,1
595,92,1
67,98,0
679,96,0
1508,91,3
766,101,4
1359,41,5
1057,43,5
566,91,5
1259,36,2
1281,88,2
991,74,4
1034,68,4
843,50,3
1384,76,0
1323,39,0
99,53,1
504,47,1
685,68,1
1159,59,1
1220,97,1
232,92,5
1134,44,4
1144,65,4
1306,36,3
1391,41,4
1416,50,2
538,69,2
980,80,2
1391,84,2
959,54,2
1408,55,2
873,85,4
239,52,4
277,92,3
1408,54,3
461,69,0
750,32,0
1114,92,3
538,49,4
1430,58,5
295,45,0
664,49,5
156,34,5
358,43,5
1368,89,0
277,75,1
490,77,1
147,38,0
148,93,0
1465,41,0
1123,50,0
1319,98,1
978,78,1
1235,37,1
290,62,1
1124,55,5
911,34,2
49,82,2
315,83,1
604,32,4
1099,76,4
445,97,4
714,50,0
876,77,4
619,93,4
911,47,1
1187,49,1
1112,33,2
538,82,5
952,80,5
873,46,5
875,73,0
192,75,2
522,82,0
1449,45,4
1416,39,3
138,52,3
404,66,3
1207,67,4
713,54,4
1235,57,1
428,58,1
58,89,1
722,73,3
1412,44,3
1176,78,3
336,60,3
1473,59,3
751,47,3
464,53,3
466,58,3
606,94,3
104,100,3
556,41,4
171,76,2
742,60,2
930,50,2
275,54,2
1091,57,3
646,77,3
1219,100,3
1314,88,3
157,32,3
1424,63,5
1248,83,0
1455,34,3
111,73,0
1234,36,0
383,66,0
1093,91,0
1168,47,0
406,45,0
993,35,0
865,99,0
1381,53,5
520,64,0
1336,50,2
453,49,5
630,100,0
405,60,0
564,59,5
1091,36,4
62,82,4
1153,42,4
892,49,4
1033,89,5
832,52,5
383,101,5
714,102,5
151,35,4
1457,87,3
876,73,1
582,57,1
913,88,1
1257,77,1
1314,43,2
1335,63,2
389,89,3
180,72,3
989,90,4
27,64,4
245,102,4
685,93,3
802,33,3
141,56,5
1511,98,4
199,62,4
830,98,4
557,89,4
482,34,0
621,86,2
565,39,3
1292,68,3
667,68,3
222,81,4
504,100,4
1235,99,2
62,35,2
253,56,2
421,60,3
1294,47,3
966,66,5
630,63,3
1267,65,1
636,40,3
1351,44,3
442,68,2
645,68,2
1258,51,2
556,64,2
101,101,1
544,90,1
1257,78,2
301,98,2
171,45,2
137,56,2
1196,72,2
1378,78,5
875,68,4
1205,73,4
298,35,1
685,48,1
405,85,1
352,39,1
519,36,0
499,33,0
1136,59,0
878,102,2
719,32,4
1297,44,3
1360,81,5
84,94,2
914,95,2
335,75,2
1492,91,2
360,41,2
308,33,2
469,88,3
1152,61,5
1126,44,5
1149,62,0
975,101,4
351,66,0
911,39,0
1264,52,0
1220,44,0
1416,92,1
975,80,1
1157,64,1
736,86,1
1276,73,0
997,40,0
187,33,0
1418,70,0
1009,65,0
385,46,0
75,57,0
1396,48,5
1138,77,5
1162,94,5
1372,88,2
36,56,1
1074,72,1
204,64,2
1176,37,2
1190,49,1
8,84,1
185,90,3
1037,100,0
1482,102,0
405,47,0
866,98,4
304,89,4
863,33,4
1294,83,0
1239,77,0
875,53,2
199,60,2
940,102,2
832,75,2
1312,47,5
337,38,5
475,89,5
941,85,5
916,86,3
921,71,0
32,83,0
901,51,2
8,62,2
1269,38,2
230,66,2
334,55,4
1073,88,2
1043,63,2
750,93,4
1243,60,0
1120,44,0
968,70,3
1245,75,4
195,68,4
1029,68,2
298,95,1
325,60,1
1139,54,2
441,57,2
920,36,2
1435,99,0
1440,98,0
1194,75,0
670,61,0
1212,61,0
302,34,4
1107,95,4
1464,62,2
1149,86,2
62,85,2
1106,54,2
1001,102,3
787,64,3
1140,91,0
919,59,0
1184,70,0
734,44,0
583,68,0
1235,92,0
1194,96,0
29,72,0
201,52,2
638,76,0
1374,34,3
157,101,2
450,96,2
762,99,5
119,74,3
456,67,4
1132,34,4
533,54,1
950,63,1
1155,70,1
1393,41,1
63,56,1
629,98,1
538,91,2
664,76,2
1432,62,2
1181,61,3
959,96,3
1103,59,5
1235,82,3
1478,73,5
1416,58,4
1267,50,1
623,77,4
389,40,4
627,98,3
187,61,2
1221,77,1
369,38,1
751,38,0
1088,41,0
579,66,0
1346,92,0
1149,69,1
880,49,5
41,42,5
1312,82,5
1333,80,5
724,43,4
797,93,4
664,57,3
1281,61,3
522,46,3
1149,89,4
1226,96,5
1190,41,0
809,54,0
1175,89,0
630,53,0
1461,49,5
654,71,4
1137,63,0
248,99,1
1103,37,0
27,40,0
559,72,5
990,32,5
16,88,5
927,88,1
1163,59,1
1020,95,2
201,57,0
974,81,0
432,66,0
75,53,1
1148,68,1
521,44,1
475,81,2
126,84,3
1477,97,3
493,76,1
142,100,1
493,96,1
803,76,4
1455,73,1
1205,71,1
608,44,5
1424,101,3
1448,49,1
169,76,1
1075,46,1
1352,51,1
1483,92,0
1,90,3
315,51,3
407,98,3
1405,36,0
586,58,0
1075,78,3
616,47,4
531,79,4
1408,79,0
460,45,2
357,69,2
1408,40,3
612,75,3
1114,64,3
604,63,4
761,79,4
578,47,4
341,47,4
194,93,4
241,88,2
147,96,2
1304,88,2
427,68,2
1457,41,2
302,92,2
1288,54,2
17,36,0
152,82,5
968,40,5
960,99,4
1115,81,2
818,60,2
656,43,2
968,84,3
1333,55,3
202,54,3
578,70,0
1086,70,0
1427,63,0
564,32,2
1405,82,2
1074,84,0
1346,64,0
426,88,0
500,91,0
179,32,5
1023,56,4
315,91,4
737,80,3
317,35,5
993,86,4
1379,92,4
1041,38,4
1507,54,4
515,88,4
1267,41,4
648,69,4
222,79,3
1465,83,3
250,69,0
823,74,0
1509,89,0
866,85,4
1128,77,1
287,62,1
437,87,1
578,61,1
275,39,3
624,92,4
1172,49,4
1361,64,0
220,72,0
1196,100,0
272,52,3
968,61,3
823,70,5
709,50,5
1464,84,5
895,51,3
424,89,3
1420,44,3
893,75,3
106,61,1
646,96,3
586,39,3
1401,96,3
441,71,3
1455,82,5
544,77,5
1148,40,5
1104,81,1
1339,102,0
887,58,3
292,68,3
1235,54,3
1154,88,5
137,55,0
129,88,3
232,58,3
341,42,0
111,88,4
304,90,5
719,33,0
490,74,0
1103,52,0
1028,77,0
670,92,4
1390,40,4
1120,83,4
464,39,1
199,59,1
714,55,1
227,32,1
1128,96,1
482,44,1
275,32,1
959,76,4
1122,73,3
1120,65,3
799,56,3
224,49,3
1452,62,3
141,58,2
616,72,3
1053,99,5
679,87,2
428,93,5
1158,61,0
713,80,0
1304,60,2
623,36,2
866,69,2
1222,40,2
957,81,1
1073,42,1
576,69,1
1184,68,5
1249,46,5
91,99,5
928,53,4
720,43,4
734,69,4
255,82,0
77,39,4
1430,75,4
1114,43,1
556,84,2
1328,37,5
1205,75,5
1073,56,5
803,98,5
578,35,5
557,39,3
1278,72,5
834,39,5
294,40,5
990,39,5
150,57,5
154,63,0
1149,76,0
179,81,0
701,82,1
469,36,1
334,32,4
737,54,4
434,64,4
1323,67,4
788,66,0
504,72,0
343,36,0
100,78,0
1007,34,2
385,99,2
1369,56,2
388,94,3
489,62,3
133,59,0
928,64,3
1475,97,3
828,32,3
207,47,3
701,95,3
298,39,0
608,58,0
1370,43,5
882,82,1
123,98,5
366,71,3
1113,94,3
1244,51,3
1091,91,5
430,32,3
1495,98,3
251,48,3
1120,60,3
267,57,5
1257,102,3
823,49,4
257,46,4
989,93,4
734,91,1
1417,45,1
1298,47,1
641,35,1
2,65,3
1057,58,3
748,35,2
877,67,2
63,76,2
670,43,4
728,34,4
213,97,1
1483,82,1
1267,43,4
75,81,4
864,45,2
1297,91,2
1122,92,0
1055,38,0
1103,51,0
1260,88,5
1336,62,5
875,77,5
761,89,4
1010,77,4
1134,76,4
1488,62,4
1317,81,2
156,48,0
1187,71,0
1226,62,5
195,102,0
1220,39,5
1146,77,5
49,62,4
300,46,2
704,83,2
913,43,2
438,38,4
499,98,4
1099,47,4
292,70,0
941,48,5
674,36,5
1190,39,4
722,75,4
121,39,2
1039,99,2
143,92,1
850,58,1
1029,49,1
32,43,1
969,90,1
844,58,4
750,89,0
521,36,2
720,65,1
833,61,1
1099,73,1
1251,82,1
1468,64,2
308,74,2
990,75,2
1347,54,4
1068,73,2
1319,66,2
351,37,2
32,52,5
388,38,5
664,64,1
157,40,5
216,66,1
7,43,5
986,91,5
1080,43,0
307,47,4
1476,35,4
1243,79,3
264,36,3
1202,85,3
539,58,3
914,77,3
784,38,3
901,57,4
1114,86,0
999,95,1
957,88,0
957,42,0
107,45,2
700,97,2
636,88,2
873,40,2
850,53,5
762,82,0
1241,40,0
41,66,4
59,77,4
989,100,4
887,63,1
1517,86,5
84,83,5
184,72,5
290,90,0
1149,65,3
1337,71,3
1368,70,3
1146,46,1
1230,35,1
1065,45,1
579,42,4
1132,45,1
1158,49,4
1372,71,4
636,78,4
1039,76,4
630,67,4
201,74,3
621,77,5
664,47,5
544,43,5
1420,74,5
1347,45,1
1087,47,1
1124,41,0
1072,76,5
523,78,5
1111,86,0
